alpha_id,segment,benchmark,window_minutes,sampling_minutes,mean,std,p05,p95
LT_MOM_0240,train,BTC_SPOT,60,5,0.00303490692975527,0.801406139301999,-1.0254745704176684,1.03071122477107
LT_MOM_0240,validation,BTC_SPOT,60,5,-0.009270289902236533,0.8422444622719126,-1.0410496572744916,1.040479872153944
LT_MOM_0240,train,BTC_SPOT,240,5,0.0031718378270056587,0.7643674053642898,-1.0058139511171738,1.0133509642710572
LT_MOM_0240,validation,BTC_SPOT,240,5,-0.00798814650170595,0.8044654335020212,-1.0200062200699378,1.0200608955276846
LT_MOM_0240,train,BTC_SPOT,1440,5,-0.012837852968704766,0.5669147025717121,-0.9395856274839657,0.9838651601937912
LT_MOM_0240,validation,BTC_SPOT,1440,5,-0.0028434091385587676,0.6090889781252314,-0.9836721962660997,0.9994436221475699
LT_MOM_0240,train,ETH_SPOT,60,5,0.0029875396181240346,0.5901938473864402,-0.9006964665736426,0.9398404554049384
LT_MOM_0240,validation,ETH_SPOT,60,5,0.0046748832405951474,0.6674763053950393,-0.9727796371368631,1.0459375164972098
LT_MOM_0240,train,ETH_SPOT,240,5,0.0023851786545182273,0.548667973821232,-0.8319193711266587,0.8658698512066949
LT_MOM_0240,validation,ETH_SPOT,240,5,0.007249844245941099,0.6161460260344996,-0.8758889582296738,0.9512728128152905
LT_MOM_0240,train,ETH_SPOT,1440,5,-0.012437316124501014,0.3997332087057339,-0.6487800571875616,0.6783431835579696
LT_MOM_0240,validation,ETH_SPOT,1440,5,0.005668922032338997,0.46268267755869846,-0.7012190959743873,0.7763614563566289
LT_MOM_0720,train,BTC_SPOT,60,5,0.01328301364911416,0.8838336443694143,-1.0354285702126993,1.036523013482419
LT_MOM_0720,validation,BTC_SPOT,60,5,-0.01840782644366784,0.8616908573929868,-1.041668486165893,1.0423697371857346
LT_MOM_0720,train,BTC_SPOT,240,5,0.013139183900845473,0.8581608089098771,-1.0167948784520993,1.018066541348572
LT_MOM_0720,validation,BTC_SPOT,240,5,-0.017576406562217654,0.8414824600088732,-1.021857703090746,1.021661025141917
LT_MOM_0720,train,BTC_SPOT,1440,5,0.004348954291466891,0.6799615500752663,-0.9735275098210792,1.0036037214825937
LT_MOM_0720,validation,BTC_SPOT,1440,5,-0.020148582951030083,0.6910747559713675,-0.9938198432133722,1.0053081115017188
LT_MOM_0720,train,ETH_SPOT,60,5,0.011649002819951019,0.6466787459976503,-0.928372960889509,0.9765960648537201
LT_MOM_0720,validation,ETH_SPOT,60,5,-0.0018322049312472545,0.6842434247342356,-0.9797465363607216,1.0552746055718405
LT_MOM_0720,train,ETH_SPOT,240,5,0.012046960329476851,0.6122784983259543,-0.8636342602543101,0.9120521564435939
LT_MOM_0720,validation,ETH_SPOT,240,5,-0.0008494217818142669,0.6463270734170102,-0.8946474025236296,0.9635482378594404
LT_MOM_0720,train,ETH_SPOT,1440,5,0.003644377866995084,0.4773550457692467,-0.7208797435087743,0.7841720922681016
LT_MOM_0720,validation,ETH_SPOT,1440,5,-0.00364082504959596,0.5292742730341973,-0.774832768290193,0.8222302307092253
LT_MOM_1440,train,BTC_SPOT,60,5,0.0053745731433294175,0.913238048753545,-1.051226915497187,1.0401276033042484
LT_MOM_1440,validation,BTC_SPOT,60,5,-0.021826517781141933,0.9407852026370589,-1.0549089379607668,1.0488937573543138
LT_MOM_1440,train,BTC_SPOT,240,5,0.006054698902945219,0.8961942345176747,-1.034459100723277,1.020735055596033
LT_MOM_1440,validation,BTC_SPOT,240,5,-0.02251338420668712,0.9222977335362262,-1.033481651719246,1.0259637160207566
LT_MOM_1440,train,BTC_SPOT,1440,5,0.008729652584136324,0.7698005809342546,-1.0044644567832057,1.0091569716744198
LT_MOM_1440,validation,BTC_SPOT,1440,5,-0.02947882971267486,0.7982127607264519,-1.0070724598928982,1.0126074808814651
LT_MOM_1440,train,ETH_SPOT,60,5,0.005778334458035328,0.6684135315688597,-0.9504017924385049,0.9893025083746686
LT_MOM_1440,validation,ETH_SPOT,60,5,-0.0032350472599617535,0.7441666356866063,-1.0025088519724639,1.078454320937707
LT_MOM_1440,train,ETH_SPOT,240,5,0.006094482682251319,0.6391969416579538,-0.8897407563341774,0.9240560637898981
LT_MOM_1440,validation,ETH_SPOT,240,5,-0.0033397124168339934,0.7053837457530703,-0.9104847712599122,0.9827890984940244
LT_MOM_1440,train,ETH_SPOT,1440,5,0.005910900746408979,0.5435716982705325,-0.7911023913382633,0.82380212994554
LT_MOM_1440,validation,ETH_SPOT,1440,5,-0.0049351477856217,0.6078675893249222,-0.8062606441627709,0.8814942380041791
LT_MOM_4320,train,BTC_SPOT,60,5,0.009545108655375277,0.9112639890221682,-1.0523530472275573,1.039520799710728
LT_MOM_4320,validation,BTC_SPOT,60,5,0.012261083518018634,0.9650673532164956,-1.069191114457691,1.0534715724258465
LT_MOM_4320,train,BTC_SPOT,240,5,0.009630763944838661,0.9018781423879605,-1.0374559714638014,1.021194743908265
LT_MOM_4320,validation,BTC_SPOT,240,5,0.012898334825654048,0.9536201607352113,-1.0498366016323075,1.0287711669292323
LT_MOM_4320,train,BTC_SPOT,1440,5,0.011532648357175816,0.8436638408293845,-1.0160942415997527,1.0121002680219922
LT_MOM_4320,validation,BTC_SPOT,1440,5,0.012168178727331542,0.8813434073005557,-1.0312414214730552,1.0167630383016149
LT_MOM_4320,train,ETH_SPOT,60,5,0.010401387456947965,0.665406740156912,-0.9362485794311514,0.9911415749940065
LT_MOM_4320,validation,ETH_SPOT,60,5,0.023803790016503457,0.7593576270153602,-1.0054677038611137,1.095238881589721
LT_MOM_4320,train,ETH_SPOT,240,5,0.00965611703746997,0.6423341284921155,-0.8829429436389956,0.9301492397164486
LT_MOM_4320,validation,ETH_SPOT,240,5,0.024888976061169563,0.7254947752542905,-0.92179252136431,0.9969931924676736
LT_MOM_4320,train,ETH_SPOT,1440,5,0.00892803473736856,0.5929530649744045,-0.8188657279702077,0.8678261383442716
LT_MOM_4320,validation,ETH_SPOT,1440,5,0.024436848492890722,0.6691692069321041,-0.8481088098964374,0.9131847806032031
LT_MR_Z_0240,train,BTC_SPOT,60,5,-0.010269939454358423,0.8922768266923983,-1.0862003166711685,1.0330579000746754
LT_MR_Z_0240,validation,BTC_SPOT,60,5,-0.005618465919462179,0.9073669135785681,-1.079300534058727,1.0451697691168023
LT_MR_Z_0240,train,BTC_SPOT,240,5,-0.008907117203669799,0.7904994200833179,-1.0634123966180675,1.0091222877823864
LT_MR_Z_0240,validation,BTC_SPOT,240,5,-0.007648833343789537,0.8042803216200592,-1.0533327820681095,1.014345180286946
LT_MR_Z_0240,train,BTC_SPOT,1440,5,0.009751814583482303,0.5239113627101066,-0.8659281982832936,0.8360630498569833
LT_MR_Z_0240,validation,BTC_SPOT,1440,5,-0.007378738254795212,0.5356208975718181,-0.8861773592914618,0.8521216611685622
LT_MR_Z_0240,train,ETH_SPOT,60,5,-0.008486862950119932,0.6556046615544173,-1.0025431183060078,0.9414551000297995
LT_MR_Z_0240,validation,ETH_SPOT,60,5,-0.014145105342129146,0.7183868093716633,-1.0881627836491312,1.0026052912410035
LT_MR_Z_0240,train,ETH_SPOT,240,5,-0.006900768950101225,0.570382006316842,-0.9017713372238849,0.8350948430378589
LT_MR_Z_0240,validation,ETH_SPOT,240,5,-0.016708879476628503,0.6201527986301684,-0.9655428153676446,0.881546787593406
LT_MR_Z_0240,train,ETH_SPOT,1440,5,0.01433052527269935,0.37247966679974387,-0.621262652718046,0.6081480278764562
LT_MR_Z_0240,validation,ETH_SPOT,1440,5,-0.005325173723668208,0.4109667982622503,-0.7112660879590823,0.6106235852253338
LT_MR_Z_1440,train,BTC_SPOT,60,5,-0.035873776461940836,0.9839829799918136,-1.1638166121045241,1.0393676912422294
LT_MR_Z_1440,validation,BTC_SPOT,60,5,-0.018910992640608467,0.8588095526911309,-1.1086113773892687,1.036725241764834
LT_MR_Z_1440,train,BTC_SPOT,240,5,-0.0348932561285571,0.9578891852334825,-1.1506453312759317,1.0200310594832165
LT_MR_Z_1440,validation,BTC_SPOT,240,5,-0.019142238202075775,0.8433274238731516,-1.093564700961692,1.0181824005729556
LT_MR_Z_1440,train,BTC_SPOT,1440,5,-0.026375937006488354,0.7849412093950836,-1.1277661610836371,1.00413562386213
LT_MR_Z_1440,validation,BTC_SPOT,1440,5,-0.015739251186955735,0.714681394216981,-1.0621976476762605,1.0033514110485215
LT_MR_Z_1440,train,ETH_SPOT,60,5,-0.03147905132233844,0.7225166705566386,-1.0781762216477524,0.9685386921232114
LT_MR_Z_1440,validation,ETH_SPOT,60,5,-0.025330424569074413,0.6834481168209372,-1.0988281488686737,0.9760116012191071
LT_MR_Z_1440,train,ETH_SPOT,240,5,-0.03012859673577111,0.6865863247944196,-1.0101641093607685,0.8988225676925803
LT_MR_Z_1440,validation,ETH_SPOT,240,5,-0.026884871480572867,0.6485705268630723,-1.0159030427726168,0.8947660719323841
LT_MR_Z_1440,train,ETH_SPOT,1440,5,-0.020386256216368113,0.5595487125603001,-0.9014840014262098,0.7900837520321005
LT_MR_Z_1440,validation,ETH_SPOT,1440,5,-0.025512308517141803,0.5526848354026104,-0.9111772652258894,0.7667760137820291
LT_OFI_0240,train,BTC_SPOT,60,5,0.014181760204354571,0.9025375880704329,-1.050612586311664,1.0375714870820192
LT_OFI_0240,validation,BTC_SPOT,60,5,0.013642149389646018,0.9062261308928832,-1.0545791923508434,1.0484880739553437
LT_OFI_0240,train,BTC_SPOT,240,5,0.013370121759823618,0.8277426660065109,-1.0254435200077736,1.0139654525587922
LT_OFI_0240,validation,BTC_SPOT,240,5,0.009522344867329094,0.8239174158510314,-1.0284334562535884,1.0194050740107634
LT_OFI_0240,train,BTC_SPOT,1440,5,0.011420395260160846,0.5778432199107056,-0.9274358080225339,0.9678407326632938
LT_OFI_0240,validation,BTC_SPOT,1440,5,0.022253496971455976,0.5393557847698902,-0.8563808861985177,0.892699635536315
LT_OFI_0240,train,ETH_SPOT,60,5,0.01263642645176295,0.6581483490139947,-0.9582315171701477,0.9646620221933337
LT_OFI_0240,validation,ETH_SPOT,60,5,0.01694834608753611,0.7125590460666476,-1.0080540388937633,1.0396999287550566
LT_OFI_0240,train,ETH_SPOT,240,5,0.014109198219939093,0.5894081024260631,-0.8559996922747547,0.8787650978238513
LT_OFI_0240,validation,ETH_SPOT,240,5,0.012051345322910658,0.6299380029023658,-0.8915802598948716,0.9214585608230623
LT_OFI_0240,train,ETH_SPOT,1440,5,0.012212456507939855,0.40224752347817594,-0.619416769364549,0.6794387689263996
LT_OFI_0240,validation,ETH_SPOT,1440,5,0.01580989797456609,0.42266716324567716,-0.6601468320476208,0.6925815114054938
LT_OFI_0720,train,BTC_SPOT,60,5,0.005466960101854206,0.9212891414852303,-1.0781683819121357,1.0390829525845602
LT_OFI_0720,validation,BTC_SPOT,60,5,0.04351923456570946,0.9258357529799425,-1.0678285442761397,1.0489913029739653
LT_OFI_0720,train,BTC_SPOT,240,5,0.005557110472528316,0.9010652250492847,-1.0584565105087522,1.0199540045281623
LT_OFI_0720,validation,BTC_SPOT,240,5,0.042208436462522356,0.9028166079179675,-1.045885318077631,1.025555131804514
LT_OFI_0720,train,BTC_SPOT,1440,5,-0.0024423844288295735,0.7520675470998066,-1.0274657060490324,1.0033413569684972
LT_OFI_0720,validation,BTC_SPOT,1440,5,0.0313215734270741,0.7352665618576801,-1.0085319922074627,1.009565591235677
LT_OFI_0720,train,ETH_SPOT,60,5,0.005582581199524098,0.6728517291567565,-0.9805783758177655,0.9751519970874625
LT_OFI_0720,validation,ETH_SPOT,60,5,0.03413205895306687,0.729954661717228,-1.0389390639038776,1.0435837104693118
LT_OFI_0720,train,ETH_SPOT,240,5,0.006831416357137555,0.6423202639088399,-0.9149007975789324,0.9110025347468723
LT_OFI_0720,validation,ETH_SPOT,240,5,0.03098135317272121,0.6900926331845538,-0.9485915358124508,0.9482611167634046
LT_OFI_0720,train,ETH_SPOT,1440,5,0.0028101770594928166,0.5308616556297248,-0.796186173179965,0.7972672610110303
LT_OFI_0720,validation,ETH_SPOT,1440,5,0.025444958969476572,0.5686382104398884,-0.8134068393323898,0.8536988371194223
LT_VOL_ADJ_MOM_0720,train,BTC_SPOT,60,5,-0.02088910124138812,0.9077123618086883,-1.0382375732383886,1.0365964262436178
LT_VOL_ADJ_MOM_0720,validation,BTC_SPOT,60,5,-0.01697652270840794,0.8959318004527039,-1.0434576062825112,1.0456032186982422
LT_VOL_ADJ_MOM_0720,train,BTC_SPOT,240,5,-0.020782841440177273,0.8634488752419464,-1.0179419008645398,1.0176145760272508
LT_VOL_ADJ_MOM_0720,validation,BTC_SPOT,240,5,-0.01527443777831758,0.868033244495908,-1.0201474413956149,1.0224127683715782
LT_VOL_ADJ_MOM_0720,train,BTC_SPOT,1440,5,-0.03473261115345141,0.6728632610050516,-0.9695782783841308,1.0005496940459995
LT_VOL_ADJ_MOM_0720,validation,BTC_SPOT,1440,5,-0.015539140217363644,0.6719095269117795,-0.9812213654882468,1.0023503069074562
LT_VOL_ADJ_MOM_0720,train,ETH_SPOT,60,5,-0.010271002733667609,0.6524147635480301,-0.9396267321683274,0.9762458428155046
LT_VOL_ADJ_MOM_0720,validation,ETH_SPOT,60,5,-0.0015200292785596723,0.7115117289634905,-0.984972698549502,1.0709349240231507
LT_VOL_ADJ_MOM_0720,train,ETH_SPOT,240,5,-0.010596693690443474,0.6163901579502522,-0.8729842391934259,0.9098905536588311
LT_VOL_ADJ_MOM_0720,validation,ETH_SPOT,240,5,0.001342776532403658,0.667630196011925,-0.8938190742118436,0.9772762478072796
LT_VOL_ADJ_MOM_0720,train,ETH_SPOT,1440,5,-0.023461363539510813,0.47491495432969594,-0.7222896788452273,0.7726263071029416
LT_VOL_ADJ_MOM_0720,validation,ETH_SPOT,1440,5,-0.0006977014387875943,0.5208459773073393,-0.7425872247807926,0.8398296814280165
LT_VOLUME_CONFIRMED_MOM_0720,train,BTC_SPOT,60,5,0.0329994434998416,0.8980428559181265,-1.0439247567535,1.0401521213533127
LT_VOLUME_CONFIRMED_MOM_0720,validation,BTC_SPOT,60,5,0.0016229653692831495,0.746279940454472,-1.0337478653265493,1.0304559415667993
LT_VOLUME_CONFIRMED_MOM_0720,train,BTC_SPOT,240,5,0.03222212076037935,0.873972312711903,-1.0263402631169907,1.021032116107107
LT_VOLUME_CONFIRMED_MOM_0720,validation,BTC_SPOT,240,5,0.001062859733134579,0.7271978435553035,-1.018689437224596,1.01517629901933
LT_VOLUME_CONFIRMED_MOM_0720,train,BTC_SPOT,1440,5,0.023903882325306977,0.72962696306711,-0.996869481984876,1.0101525384525423
LT_VOLUME_CONFIRMED_MOM_0720,validation,BTC_SPOT,1440,5,-0.0005337028129590407,0.6127863703028372,-0.9876242870254018,1.0002623362132501
LT_VOLUME_CONFIRMED_MOM_0720,train,ETH_SPOT,60,5,0.026878037395745152,0.662109461615935,-0.9404123029054805,0.9999362725737394
LT_VOLUME_CONFIRMED_MOM_0720,validation,ETH_SPOT,60,5,0.013301595793352867,0.5905469625856362,-0.9133312116592329,0.9993969204062471
LT_VOLUME_CONFIRMED_MOM_0720,train,ETH_SPOT,240,5,0.02627768428116832,0.6286209043820405,-0.8781528906569378,0.9363711351724049
LT_VOLUME_CONFIRMED_MOM_0720,validation,ETH_SPOT,240,5,0.01282057753677921,0.5546419368128134,-0.8372883532130931,0.9209547285154184
LT_VOLUME_CONFIRMED_MOM_0720,train,ETH_SPOT,1440,5,0.017653203721583244,0.5159666704564887,-0.761277682430949,0.8274500032495454
LT_VOLUME_CONFIRMED_MOM_0720,validation,ETH_SPOT,1440,5,0.010151795981702377,0.46902683798787226,-0.722518099774656,0.7893950602192558
LT_ILLIQ_MR_1440,train,BTC_SPOT,60,5,-0.009658296426371824,0.11765200723552358,0.0,0.0
LT_ILLIQ_MR_1440,validation,BTC_SPOT,60,5,-0.009067604567469047,0.09455872093717148,0.0,0.0
LT_ILLIQ_MR_1440,train,BTC_SPOT,240,5,-0.009637917949920053,0.11644008904710128,0.0,0.0
LT_ILLIQ_MR_1440,validation,BTC_SPOT,240,5,-0.00901297371246956,0.09331486675726801,0.0,0.0
LT_ILLIQ_MR_1440,train,BTC_SPOT,1440,5,-0.009108551777911998,0.1072127822186094,0.0,0.0
LT_ILLIQ_MR_1440,validation,BTC_SPOT,1440,5,-0.008085415697318044,0.08230403921522246,0.0,0.0
LT_ILLIQ_MR_1440,train,ETH_SPOT,60,5,-0.006104609943891932,0.08642214115081315,0.0,0.0
LT_ILLIQ_MR_1440,validation,ETH_SPOT,60,5,-0.006622112538026343,0.0731855659337718,0.0,0.0
LT_ILLIQ_MR_1440,train,ETH_SPOT,240,5,-0.006064872484797751,0.08343827780922951,0.0,0.0
LT_ILLIQ_MR_1440,validation,ETH_SPOT,240,5,-0.006577880891935542,0.06987064294369333,0.0,0.0
LT_ILLIQ_MR_1440,train,ETH_SPOT,1440,5,-0.005763901071445391,0.076568188873537,0.0,0.0
LT_ILLIQ_MR_1440,validation,ETH_SPOT,1440,5,-0.005906833780199672,0.059927774775278074,0.0,0.0
LT_TRADE_SIZE_DIR_0240,train,BTC_SPOT,60,5,0.005859223843842291,0.27780788128967154,0.0,0.05991294726794264
LT_TRADE_SIZE_DIR_0240,validation,BTC_SPOT,60,5,0.007016755240698362,0.3027095575894812,-0.08771569625746038,0.5677331165812878
LT_TRADE_SIZE_DIR_0240,train,BTC_SPOT,240,5,0.004633975096751417,0.25170269398947354,-0.2392099309409956,0.3453601099744139
LT_TRADE_SIZE_DIR_0240,validation,BTC_SPOT,240,5,0.0069514430725298735,0.27788136056962703,-0.379060427189592,0.5114875628388685
LT_TRADE_SIZE_DIR_0240,train,BTC_SPOT,1440,5,0.009678138472631374,0.1767444240542349,-0.25829173745915934,0.3128282502771336
LT_TRADE_SIZE_DIR_0240,validation,BTC_SPOT,1440,5,0.011890135468657147,0.22174723612427796,-0.3742256150553265,0.4297792152653813
LT_TRADE_SIZE_DIR_0240,train,ETH_SPOT,60,5,0.005089316431854,0.21495926722636852,0.0,0.03938453345428498
LT_TRADE_SIZE_DIR_0240,validation,ETH_SPOT,60,5,0.009163789429255711,0.2530892155945298,-0.050784008929769774,0.3291735353932736
LT_TRADE_SIZE_DIR_0240,train,ETH_SPOT,240,5,0.004245334776492292,0.18909816284173528,-0.14835033969416697,0.22209613825443683
LT_TRADE_SIZE_DIR_0240,validation,ETH_SPOT,240,5,0.009249918654766855,0.22210807625028212,-0.24746269096678777,0.34851371577865864
LT_TRADE_SIZE_DIR_0240,train,ETH_SPOT,1440,5,0.007006103303381436,0.1309412038357176,-0.18552210651087528,0.2060046643134993
LT_TRADE_SIZE_DIR_0240,validation,ETH_SPOT,1440,5,0.013518444642071427,0.1760861872311792,-0.2719444982196124,0.3183228288292229
LT_FUNDING_CROWDING_MR_30D,train,BTC_SPOT,60,5,0.023008389485173548,0.9223314116744564,-1.1446067231737864,1.0392365720480063
LT_FUNDING_CROWDING_MR_30D,validation,BTC_SPOT,60,5,-0.0040290317904176885,0.9472432758986201,-1.1181948848125853,1.0521363012306357
LT_FUNDING_CROWDING_MR_30D,train,BTC_SPOT,240,5,0.023098197826758808,0.9168052121756962,-1.1341149533444062,1.0210689616943383
LT_FUNDING_CROWDING_MR_30D,validation,BTC_SPOT,240,5,-0.0029357441039480595,0.9410157705110095,-1.1012081578680168,1.0299411805106022
LT_FUNDING_CROWDING_MR_30D,train,BTC_SPOT,1440,5,0.024198616337525035,0.8781607609576714,-1.1246704856232725,1.0106137803522055
LT_FUNDING_CROWDING_MR_30D,validation,BTC_SPOT,1440,5,-0.0053607368259799264,0.8995152458850048,-1.093733925841151,1.0183430318359425
LT_FUNDING_CROWDING_MR_30D,train,ETH_SPOT,60,5,0.00978849893831945,0.6824371305098295,-1.0252014193654175,0.972738012737041
LT_FUNDING_CROWDING_MR_30D,validation,ETH_SPOT,60,5,0.0041749638391395385,0.7437730333146252,-1.05486649134895,1.0511139185600755
LT_FUNDING_CROWDING_MR_30D,train,ETH_SPOT,240,5,0.009257772860518942,0.6611901536114255,-0.9698190907297396,0.9171283421771713
LT_FUNDING_CROWDING_MR_30D,validation,ETH_SPOT,240,5,0.005809826144227781,0.7147046319644863,-0.9693562098186365,0.9676927901635135
LT_FUNDING_CROWDING_MR_30D,train,ETH_SPOT,1440,5,0.008415789279535794,0.625290824037791,-0.9270051640665267,0.8590280757942881
LT_FUNDING_CROWDING_MR_30D,validation,ETH_SPOT,1440,5,0.006590208894037205,0.6818607625890614,-0.903131042675946,0.9078032805174778
LT_PERP_SPOT_BASIS_MR_10080,train,BTC_SPOT,60,5,-0.0015195426699507418,0.8709403278235971,-1.1117287222289396,1.033165495415208
LT_PERP_SPOT_BASIS_MR_10080,validation,BTC_SPOT,60,5,-0.056739411718309464,0.8903048698862284,-1.165706318126351,1.0416542088817844
LT_PERP_SPOT_BASIS_MR_10080,train,BTC_SPOT,240,5,-0.0021147897469045575,0.8646041788592126,-1.1028942763294027,1.0174024265192698
LT_PERP_SPOT_BASIS_MR_10080,validation,BTC_SPOT,240,5,-0.0568406267590587,0.8862667871594441,-1.1452103091404942,1.0229783657276383
LT_PERP_SPOT_BASIS_MR_10080,train,BTC_SPOT,1440,5,-0.0018445912014057805,0.8277648891228256,-1.0951713669562224,1.009341437110492
LT_PERP_SPOT_BASIS_MR_10080,validation,BTC_SPOT,1440,5,-0.06255535505843211,0.8588723559537222,-1.135395274706311,1.0138403970061192
LT_PERP_SPOT_BASIS_MR_10080,train,ETH_SPOT,60,5,-0.009073784317171317,0.6357767347729941,-0.9944993236243846,0.9305528017105333
LT_PERP_SPOT_BASIS_MR_10080,validation,ETH_SPOT,60,5,-0.03680362282828551,0.6972145684375204,-1.0680033043816788,1.012458452475751
LT_PERP_SPOT_BASIS_MR_10080,train,ETH_SPOT,240,5,-0.008783347406102307,0.6161943886275753,-0.9349359043861097,0.8826590254431723
LT_PERP_SPOT_BASIS_MR_10080,validation,ETH_SPOT,240,5,-0.03326049481592361,0.6708542509663742,-0.9814420831409332,0.9397908661556091
LT_PERP_SPOT_BASIS_MR_10080,train,ETH_SPOT,1440,5,-0.01013374743617849,0.5830520507663945,-0.8879898413173651,0.8291677455240073
LT_PERP_SPOT_BASIS_MR_10080,validation,ETH_SPOT,1440,5,-0.03337175825284755,0.6487444491800086,-0.9177668996848317,0.8892694617706871
LT_PERP_SPOT_BASIS_MR_43200,train,BTC_SPOT,60,5,0.002117277093242382,0.8948544894125936,-1.1659191795642365,1.0340703941037817
LT_PERP_SPOT_BASIS_MR_43200,validation,BTC_SPOT,60,5,-0.04287543262588821,0.8613187052509245,-1.1396712419216497,1.0404566930789814
LT_PERP_SPOT_BASIS_MR_43200,train,BTC_SPOT,240,5,0.001604307580167519,0.8914050881339217,-1.1593114530692983,1.0181280554551835
LT_PERP_SPOT_BASIS_MR_43200,validation,BTC_SPOT,240,5,-0.04304173491455277,0.8578634492289848,-1.1276843047512484,1.0242212588617243
LT_PERP_SPOT_BASIS_MR_43200,train,BTC_SPOT,1440,5,-0.00029232267083190985,0.8626629950865139,-1.1536640652960504,1.0098329537157076
LT_PERP_SPOT_BASIS_MR_43200,validation,BTC_SPOT,1440,5,-0.04482400808656863,0.8353330898171193,-1.1125584418265817,1.015075703447371
LT_PERP_SPOT_BASIS_MR_43200,train,ETH_SPOT,60,5,-0.0037388266912628367,0.660537470884116,-1.0287683057661272,0.9472865364883248
LT_PERP_SPOT_BASIS_MR_43200,validation,ETH_SPOT,60,5,-0.03253804864157982,0.667876418812558,-1.035516634403853,0.98129396515267
LT_PERP_SPOT_BASIS_MR_43200,train,ETH_SPOT,240,5,-0.003873796214480014,0.6400417532344036,-0.9801385713111543,0.9024313651632997
LT_PERP_SPOT_BASIS_MR_43200,validation,ETH_SPOT,240,5,-0.030479762868053418,0.645595040497139,-0.9548098353581626,0.9208041311893694
LT_PERP_SPOT_BASIS_MR_43200,train,ETH_SPOT,1440,5,-0.005993876052003018,0.6110245568206433,-0.9469845910056421,0.8580321539367965
LT_PERP_SPOT_BASIS_MR_43200,validation,ETH_SPOT,1440,5,-0.02776517628621282,0.6284298412249343,-0.8880719452215828,0.8648567980260269
LT_BTC_ETH_RATIO_MR_7D,train,BTC_SPOT,60,5,-0.006129141206614371,0.959068635696673,-1.1850460402524114,1.0418474028656903
LT_BTC_ETH_RATIO_MR_7D,validation,BTC_SPOT,60,5,-0.08383325126142899,0.9735406474744076,-1.1423465102140231,1.0499928521828068
LT_BTC_ETH_RATIO_MR_7D,train,BTC_SPOT,240,5,-0.006275812224088237,0.953560529707193,-1.178217063833025,1.023191357849073
LT_BTC_ETH_RATIO_MR_7D,validation,BTC_SPOT,240,5,-0.08318744212176984,0.9689626383630042,-1.1301949402638893,1.0264343440937118
LT_BTC_ETH_RATIO_MR_7D,train,BTC_SPOT,1440,5,-0.0060182258010325115,0.9184705652917384,-1.1649251277830368,1.013516725587798
LT_BTC_ETH_RATIO_MR_7D,validation,BTC_SPOT,1440,5,-0.07975984403762974,0.9345135393251052,-1.1156629005101701,1.0146919962110112
LT_BTC_ETH_RATIO_MR_7D,train,ETH_SPOT,60,5,-0.016975942489979964,0.7051707745501276,-1.0766127154675291,0.9669145958915019
LT_BTC_ETH_RATIO_MR_7D,validation,ETH_SPOT,60,5,-0.0870812365720066,0.7655219887819689,-1.1388743277184656,1.00488692225167
LT_BTC_ETH_RATIO_MR_7D,train,ETH_SPOT,240,5,-0.01829034625759061,0.6837052765258049,-1.0242131615585626,0.9059049800444793
LT_BTC_ETH_RATIO_MR_7D,validation,ETH_SPOT,240,5,-0.08569282183191615,0.7356284900004765,-1.044949943875992,0.9254841688054257
LT_BTC_ETH_RATIO_MR_7D,train,ETH_SPOT,1440,5,-0.017973336988043886,0.6502932837950193,-1.0030382173394798,0.845036400031372
LT_BTC_ETH_RATIO_MR_7D,validation,ETH_SPOT,1440,5,-0.08472652800161444,0.7055485811071243,-0.9757811503153141,0.8526714230082973
LT_BTC_ETH_RATIO_MOM_1D,train,BTC_SPOT,60,5,0.017300413854061183,0.9749442256528449,-1.0961358560331762,1.0417042795414342
LT_BTC_ETH_RATIO_MOM_1D,validation,BTC_SPOT,60,5,0.015073007614718205,0.8774254530947441,-1.0685074330931243,1.0428385634441457
LT_BTC_ETH_RATIO_MOM_1D,train,BTC_SPOT,240,5,0.01773246846222283,0.956021977945355,-1.0775552787746099,1.022374268544542
LT_BTC_ETH_RATIO_MOM_1D,validation,BTC_SPOT,240,5,0.015594512000281969,0.8663983355249144,-1.0497252451200063,1.0239939842597054
LT_BTC_ETH_RATIO_MOM_1D,train,BTC_SPOT,1440,5,0.02184252706474377,0.8367193081147777,-1.0540629088573832,1.0105035694331443
LT_BTC_ETH_RATIO_MOM_1D,validation,BTC_SPOT,1440,5,0.02152963823480729,0.7782329822042443,-1.031264062280248,1.0129198729265405
LT_BTC_ETH_RATIO_MOM_1D,train,ETH_SPOT,60,5,0.023104350910931225,0.7108572639247546,-0.9861761990936015,1.0073304022199114
LT_BTC_ETH_RATIO_MOM_1D,validation,ETH_SPOT,60,5,0.03665854941993768,0.6944850805153484,-0.9890283970656651,1.0731100084642875
LT_BTC_ETH_RATIO_MOM_1D,train,ETH_SPOT,240,5,0.02372630940814162,0.6804299509267046,-0.9191584961246335,0.9394152164196358
LT_BTC_ETH_RATIO_MOM_1D,validation,ETH_SPOT,240,5,0.03731138499266499,0.662649069972498,-0.9083018444750331,0.9845536446703875
LT_BTC_ETH_RATIO_MOM_1D,train,ETH_SPOT,1440,5,0.025655730671870852,0.5861675732094836,-0.8205295666572929,0.8612213098286784
LT_BTC_ETH_RATIO_MOM_1D,validation,ETH_SPOT,1440,5,0.04032562217130525,0.5920924257477029,-0.8102532998199833,0.9045143621266869
