alpha_id,family,direction_type_train,dominant_side_train,execution_model,margin_fraction,leverage,entry_notional_fraction_of_account,execution_price,no_pyramiding,liquidation_model,combined_train_beta_btc_daily,combined_train_beta_eth_daily,combined_train_beta_r2_daily,combined_train_residual_sharpe_daily,combined_train_alpha_intercept_ann,combined_train_corr_btc_1m,combined_train_corr_eth_1m,combined_val_beta_btc_daily,combined_val_beta_eth_daily,combined_val_beta_r2_daily,combined_val_residual_sharpe_daily,combined_val_alpha_intercept_ann,combined_val_corr_btc_1m,combined_val_corr_eth_1m,combined_train_regime_btc_beta_bull,combined_train_regime_btc_beta_bear,combined_train_regime_btc_beta_high_vol,combined_train_regime_btc_beta_low_vol,combined_val_regime_btc_beta_bull,combined_val_regime_btc_beta_bear,combined_val_regime_btc_beta_high_vol,combined_val_regime_btc_beta_low_vol,long_train_bars,long_train_net_return,long_train_net_sharpe_daily,long_train_max_drawdown,long_train_trade_entries,long_train_time_in_market,long_train_annualized_turnover,long_val_bars,long_val_net_return,long_val_net_sharpe_daily,long_val_max_drawdown,long_val_trade_entries,long_val_time_in_market,long_val_annualized_turnover,short_train_bars,short_train_net_return,short_train_net_sharpe_daily,short_train_max_drawdown,short_train_trade_entries,short_train_time_in_market,short_train_annualized_turnover,short_val_bars,short_val_net_return,short_val_net_sharpe_daily,short_val_max_drawdown,short_val_trade_entries,short_val_time_in_market,short_val_annualized_turnover,long_train_beta_beta_btc_daily,long_train_beta_beta_eth_daily,long_train_beta_beta_r2_daily,long_train_beta_residual_sharpe_daily,long_train_beta_alpha_intercept_ann,long_train_beta_corr_btc_1m,long_train_beta_corr_eth_1m,long_val_beta_beta_btc_daily,long_val_beta_beta_eth_daily,long_val_beta_beta_r2_daily,long_val_beta_residual_sharpe_daily,long_val_beta_alpha_intercept_ann,long_val_beta_corr_btc_1m,long_val_beta_corr_eth_1m,short_train_beta_beta_btc_daily,short_train_beta_beta_eth_daily,short_train_beta_beta_r2_daily,short_train_beta_residual_sharpe_daily,short_train_beta_alpha_intercept_ann,short_train_beta_corr_btc_1m,short_train_beta_corr_eth_1m,short_val_beta_beta_btc_daily,short_val_beta_beta_eth_daily,short_val_beta_beta_r2_daily,short_val_beta_residual_sharpe_daily,short_val_beta_alpha_intercept_ann,short_val_beta_corr_btc_1m,short_val_beta_corr_eth_1m,train_risk_trades,train_risk_price_mae_abs_p95,train_risk_price_mae_abs_p99,train_risk_worst_price_mae,train_risk_worst_margin_equity_mae,train_risk_worst_account_equity_mae,train_risk_min_margin_remaining_fraction,train_risk_danger_trades,train_risk_warning_trades,train_risk_proxy_margin_breaches,val_risk_trades,val_risk_price_mae_abs_p95,val_risk_price_mae_abs_p99,val_risk_worst_price_mae,val_risk_worst_margin_equity_mae,val_risk_worst_account_equity_mae,val_risk_min_margin_remaining_fraction,val_risk_danger_trades,val_risk_warning_trades,val_risk_proxy_margin_breaches,train_long_risk_trades,train_long_risk_price_mae_abs_p95,train_long_risk_price_mae_abs_p99,train_long_risk_worst_price_mae,train_long_risk_worst_margin_equity_mae,train_long_risk_worst_account_equity_mae,train_long_risk_min_margin_remaining_fraction,train_long_risk_danger_trades,train_long_risk_warning_trades,train_long_risk_proxy_margin_breaches,train_short_risk_trades,train_short_risk_price_mae_abs_p95,train_short_risk_price_mae_abs_p99,train_short_risk_worst_price_mae,train_short_risk_worst_margin_equity_mae,train_short_risk_worst_account_equity_mae,train_short_risk_min_margin_remaining_fraction,train_short_risk_danger_trades,train_short_risk_warning_trades,train_short_risk_proxy_margin_breaches,val_long_risk_trades,val_long_risk_price_mae_abs_p95,val_long_risk_price_mae_abs_p99,val_long_risk_worst_price_mae,val_long_risk_worst_margin_equity_mae,val_long_risk_worst_account_equity_mae,val_long_risk_min_margin_remaining_fraction,val_long_risk_danger_trades,val_long_risk_warning_trades,val_long_risk_proxy_margin_breaches,val_short_risk_trades,val_short_risk_price_mae_abs_p95,val_short_risk_price_mae_abs_p99,val_short_risk_worst_price_mae,val_short_risk_worst_margin_equity_mae,val_short_risk_worst_account_equity_mae,val_short_risk_min_margin_remaining_fraction,val_short_risk_danger_trades,val_short_risk_warning_trades,val_short_risk_proxy_margin_breaches
LT_MOM_0240,Momentum / Trend,LONG_ONLY,LONG,ONE_ALPHA_10PCT_ISOLATED_MARGIN_10X_FIXED_DIRECTION,0.1,10.0,1.0,NEXT_BAR_OPEN_AFTER_T_MINUS_1_INFORMATION,True,10X_MARGIN_STRESS_PROXY_NOT_EXACT_BINANCE_LIQUIDATION,0.023822335549538727,-0.07956380386165333,0.009900473783040709,3.058676375181287e-16,-0.09272160327415097,-0.10376596450707636,-0.11087179656883869,0.17967980908634956,-0.06932382181631665,0.023264174439295293,-1.372474425281735e-15,-0.23729990602291232,-0.031879138757060305,-0.08021928505864065,0.4488274145963607,-0.4339574874619181,-0.13390731131888153,0.019251721703180465,0.47062526757704115,-0.4698522061383249,-0.02509054612638416,-0.03729189754985929,1893888,-0.14440653103608547,0.10088855192611648,-0.5822840454763827,635,0.3382185218978102,352.20535714285717,631296,0.44031763634464594,1.125103104174155,-0.26627910739544935,210,0.35947004257907544,349.4419134396355,1893888,-0.6740022151705705,-0.4937287860640064,-0.8485229685729594,626,0.34392741281427414,347.4870820668693,631296,-0.4543851859842062,-1.7028588458660074,-0.553157624146432,214,0.37298509732360097,355.2659453302961,0.38311409402448326,-0.050704562045423895,0.318452636419871,-8.542480366188752e-16,-0.15835155521875918,0.550018492085999,0.4486890056763465,0.49166956913724363,-0.05468783911255268,0.4843942001995748,2.0581995196267032e-16,-0.03125955953209179,0.6050352281449864,0.4525315476809467,-0.36196557073402735,-0.029332645911715305,0.4027303520269938,1.3978010138051887e-15,0.06303590699722508,-0.6507943226205066,-0.5666405290040136,-0.3107461202400619,-0.013902200208372323,0.33849285662337913,1.7616306627087072e-15,-0.20149831767776163,-0.6405324656860455,-0.5582272420279419,1260,0.046636422872954685,0.0794411192979379,-0.12416031019919627,-1.2528581401307675,-0.1252858140130768,-0.2528581401307674,8,13,6,423,0.03410351493847765,0.051708012218632984,-0.0674222273620908,-0.6866268069850805,-0.06866268069850812,0.31337319301491945,0,0,0,634,0.051001724251865804,0.0862311036292515,-0.12416031019919627,-1.2528581401307675,-0.1252858140130768,-0.2528581401307674,5,7,4,626,0.044499091054061635,0.0758218814759632,-0.12249690574866112,-1.2280726714830197,-0.12280726714830192,-0.22807267148301977,3,6,2,209,0.029564349388483704,0.04678191531269394,-0.05882352941176472,-0.5998823529411765,-0.059988235294117676,0.4001176470588234,0,0,0,214,0.036001203831914456,0.05691278579582418,-0.0674222273620908,-0.6866268069850805,-0.06866268069850812,0.31337319301491945,0,0,0
LT_MOM_0720,Momentum / Trend,LONG_ONLY,LONG,ONE_ALPHA_10PCT_ISOLATED_MARGIN_10X_FIXED_DIRECTION,0.1,10.0,1.0,NEXT_BAR_OPEN_AFTER_T_MINUS_1_INFORMATION,True,10X_MARGIN_STRESS_PROXY_NOT_EXACT_BINANCE_LIQUIDATION,0.01549898322022419,-0.05944007826521822,0.004904650613991701,2.798135406421764e-16,-0.20240652191442504,-0.08115055988318651,-0.09093974592275507,0.0753182251892468,-0.029136997485648373,0.004271243351118947,1.1540292336209324e-15,0.3533051055476334,-0.0654265699291503,-0.1010469200827568,0.5612836663789732,-0.4847482421049949,-0.14268179042224233,0.08253514678215415,0.5400903050893554,-0.5882699927230699,-0.0880121851046349,0.007993539658011216,1893888,-0.2155469918384081,0.08150979328602499,-0.804372947133774,474,0.41448068734793186,263.11322188449844,631296,0.8237416438225371,1.791043849338857,-0.2146151182575371,146,0.3678147810218978,242.94533029612757,1893888,-0.7764296147997736,-0.6306631563178177,-0.8915708518552397,484,0.4138787510137875,268.66413373860183,631296,-0.18825466135526392,-0.472182047772002,-0.3790017698070868,143,0.3948448905109489,237.12129840546697,0.4632212673247505,-0.04436285842482285,0.4103151442524059,-1.10875857620563e-15,-0.2246993766685989,0.6066430407448261,0.49022978261524847,0.46213650905702675,-0.033449343501976425,0.48544074674874615,-2.747069910465902e-15,0.17729630853177558,0.5949389138923619,0.45294321575809326,-0.4523433648114574,-0.01515565331659291,0.4796687668933195,2.1514392377740387e-15,0.02225924933535157,-0.6947069735653816,-0.5965484428138517,-0.3849043070119316,0.004658628703520878,0.4366183250125747,1.49258447279294e-15,0.18408024133336479,-0.6580741178869048,-0.5718339500605139,958,0.06115357445618275,0.10380435263417581,-0.40380480921309747,-4.058124081980473,-0.40581240819804754,-3.058124081980474,18,16,13,289,0.03379447502989121,0.05658594502321295,-0.07828940241031868,-0.7454267346288805,-0.07454267346288812,0.25457326537111946,0,1,0,474,0.061618594535545156,0.10164809946773766,-0.12353173343923218,-1.2465761439916865,-0.12465761439916867,-0.2465761439916864,10,10,6,484,0.05964198457752081,0.10388855465316416,-0.40380480921309747,-4.058124081980473,-0.40581240819804754,-3.058124081980474,8,6,7,146,0.03272853534657785,0.042131746527067034,-0.059968226134992864,-0.6122959369664538,-0.06122959369664538,0.38770406303354626,0,0,0,143,0.03631476620323905,0.06067988354922564,-0.07828940241031868,-0.7454267346288805,-0.07454267346288812,0.25457326537111946,0,1,0
LT_MOM_1440,Momentum / Trend,LONG_ONLY,LONG,ONE_ALPHA_10PCT_ISOLATED_MARGIN_10X_FIXED_DIRECTION,0.1,10.0,1.0,NEXT_BAR_OPEN_AFTER_T_MINUS_1_INFORMATION,True,10X_MARGIN_STRESS_PROXY_NOT_EXACT_BINANCE_LIQUIDATION,-0.008093572275088806,-0.09506298843752578,0.02243445394807786,6.759836795995297e-16,-0.32706489626732355,-0.07868685020217979,-0.08352693632991519,0.09521640156486637,-0.11980706622570911,0.008115804916205338,-5.094775408515132e-16,-0.05561797136211929,-0.05129946561911878,-0.08967668804388462,0.48297609957985865,-0.43095341068412857,-0.15459514713373074,0.11529038600812537,0.5009640853358122,-0.5360933299146554,-0.08005581052331653,0.020544786155331146,1893888,-0.17938256843285083,0.08562514821043178,-0.8140758708697713,342,0.43345752230332524,189.84118541033433,631296,0.36224333147102783,0.9443776624448639,-0.29774014319685194,105,0.4381462895377129,174.72095671981776,1893888,-0.8775286984404016,-0.9946889076090845,-0.9201527516663818,337,0.43982537510137876,187.06572948328267,631296,-0.37668778498804845,-1.0347251311782752,-0.5051789521717307,113,0.4721715328467153,188.03302961275628,0.44271774182253165,-0.06098286442759898,0.3898401498032903,-8.241618140025392e-16,-0.19164312704350073,0.610027006693943,0.49449023240553575,0.5049295306355418,-0.053838406199864214,0.4668667668492189,-9.14981110474588e-16,-0.08418567270862029,0.6482305394897063,0.49537090684523233,-0.4517235557734045,-0.03495663715930242,0.537128561697078,2.0458945055699538e-15,-0.1243118865957831,-0.6960618393826178,-0.5916280261521251,-0.40855371681972924,-0.06542011559968905,0.5006906368406078,2.488808171783632e-16,0.03130209790550698,-0.7046121741749034,-0.609012001567606,679,0.07533999349100566,0.1092356359351587,-0.18914231648953272,-1.8815662339715056,-0.18815662339715056,-0.8815662339715055,20,22,15,218,0.04870017391854781,0.06643841177906619,-0.07375582689168714,-0.700293785972651,-0.07002937859726521,0.2997062140273489,0,1,0,342,0.08035123238896665,0.10742814737517942,-0.18914231648953272,-1.8815662339715056,-0.18815662339715056,-0.8815662339715055,11,10,7,337,0.07299273232969726,0.1151813985381127,-0.16871310752632396,-1.694171887787022,-0.16941718877870215,-0.6941718877870219,9,12,8,105,0.048038825536529155,0.06628845062322149,-0.0682399932491351,-0.6949592479939624,-0.06949592479939626,0.30504075200603764,0,0,0,113,0.04802954196251153,0.06599465580765487,-0.07375582689168714,-0.700293785972651,-0.07002937859726521,0.2997062140273489,0,1,0
LT_MOM_4320,Momentum / Trend,LONG_ONLY,LONG,ONE_ALPHA_10PCT_ISOLATED_MARGIN_10X_FIXED_DIRECTION,0.1,10.0,1.0,NEXT_BAR_OPEN_AFTER_T_MINUS_1_INFORMATION,True,10X_MARGIN_STRESS_PROXY_NOT_EXACT_BINANCE_LIQUIDATION,0.003730222042333836,-0.12843581063242476,0.03638643712401157,1.2778572932771269e-17,0.15184169297441893,-0.06146819366116621,-0.07535403460231117,0.043540782244155175,-0.1055636178892154,0.009222209947151061,-4.9886667065065525e-17,0.25128593536742544,-0.021928788195237962,-0.064730129933543,0.2662208409712682,-0.2645675601666136,-0.15066610716692805,0.1574140400147224,0.29358376672428277,-0.29943176231588536,-0.05999380262416643,0.068383546489945,1893888,0.12171632849981351,0.2836193762895722,-0.7698652570345108,183,0.4327858880778589,101.30414133738601,631296,0.7752729818725244,1.638873293136558,-0.2120019904768229,66,0.47551703163017034,109.82460136674258,1893888,-0.5442550839718262,-0.25266278172260553,-0.8312294353911835,186,0.44169454582319545,103.2469604863222,631296,-0.34139764109678616,-0.8510252282343554,-0.5082963125015811,68,0.47648646593673966,112.32061503416857,0.41064848372948093,-0.06555341604711823,0.3424212901974846,-1.2347984979961059e-15,-0.08342442120924963,0.6162079795529989,0.49781076228129295,0.47802161198172055,-0.045593021226078584,0.4431222413723942,-1.4628222727026177e-15,0.15286709055817438,0.6574099137323519,0.5039415445997636,-0.40422263381878265,-0.06399363940009978,0.5506211486118553,1.9631929338294366e-15,0.23607737411580745,-0.6948602758169691,-0.5974639185620537,-0.43269557477338033,-0.060664134068986464,0.5051561804121437,1.3268287099457456e-15,0.0992745306557097,-0.694602448908797,-0.6005423675250018,368,0.10581760062521413,0.17519755081632388,-0.25239384992724867,-2.5288714860574864,-0.2528871486057487,-1.5288714860574864,26,20,21,133,0.06061356392225673,0.1019894416806631,-0.1351605233977924,-1.333377839603627,-0.13333778396036267,-0.333377839603627,2,2,2,182,0.10674163640117974,0.1892550489160204,-0.25239384992724867,-2.5288714860574864,-0.2528871486057487,-1.5288714860574864,15,12,13,186,0.09137614188251719,0.15841289773764752,-0.2059405833184167,-2.0561611391627195,-0.2056161139162721,-1.0561611391627195,11,8,8,65,0.06115098865917154,0.07025788989421264,-0.07816384515212504,-0.8006996631290697,-0.08006996631290697,0.19930033687093027,0,1,0,68,0.05787997940641093,0.12034441156204802,-0.1351605233977924,-1.333377839603627,-0.13333778396036267,-0.333377839603627,2,1,2
LT_MR_Z_0240,Mean Reversion,UNRESOLVED,NONE,ONE_ALPHA_10PCT_ISOLATED_MARGIN_10X_FIXED_DIRECTION,0.1,10.0,1.0,NEXT_BAR_OPEN_AFTER_T_MINUS_1_INFORMATION,True,10X_MARGIN_STRESS_PROXY_NOT_EXACT_BINANCE_LIQUIDATION,-0.08821720259241338,0.10523401547648423,0.007561305148842901,-2.849020690165752e-16,-0.9398627957581628,0.13718412920167514,0.13873357219386115,-0.26433708591212635,0.1626557149082975,0.03721347477523296,3.0783341985580657e-16,-0.8389838033550904,0.0697363886585289,0.10887316513639363,-0.39333103870390385,0.4760323938474972,0.19253640968491456,0.0026854836890378687,-0.4230057142389169,0.5029252705033308,0.08885956039265704,0.021739131758541343,1893888,-0.7114452048784241,-0.5035161222261909,-0.7696298493989306,1821,0.41587464517437145,1010.8210486322188,631296,-0.21824943347815706,-0.5708960772821765,-0.40179391796552777,613,0.42559116484184917,1019.2055808656037,1893888,-0.9321423240789805,-1.3721141121706641,-0.9361908076406895,1763,0.4155198195458232,978.3482142857142,631296,-0.6441464561096537,-2.4184044142117913,-0.6668249164954616,597,0.42476429440389296,993.4134396355354,0.3880724147314518,0.053321932109011816,0.477389741920909,-2.068356532916277e-15,-0.5598837342891345,0.7013702499148765,0.6018847803701439,0.31101761323586097,0.09568495548164448,0.48745730969363976,-1.9161253464614894e-15,-0.4676583748310861,0.6803164443069954,0.5941007080280636,-0.48165868794504163,0.0496171869976712,0.43134901121691693,1.4529512383875977e-15,-0.3681254220387462,-0.5927029397735435,-0.4767253316488149,-0.5734868645209197,0.0677321109300314,0.5768218665395672,1.0698985844427613e-16,-0.357724670636135,-0.62056318701881,-0.47187532429020235,3583,0.05967446717077585,0.12667991997606207,-0.4013682429729535,-4.033733988061605,-0.4033733988061605,-3.0337339880616048,83,51,64,1209,0.04123465168675193,0.08388034359578454,-0.1792357800013431,-1.8052502585454302,-0.1805250258545431,-0.8052502585454302,12,9,10,1821,0.060480274672585654,0.14208334543599607,-0.3687543136803799,-3.6959965224513565,-0.3695996522451357,-2.6959965224513565,44,25,34,1762,0.05963772959255896,0.11906891967275272,-0.4013682429729535,-4.033733988061605,-0.4033733988061605,-3.0337339880616048,39,26,30,613,0.03884077309484672,0.09413066163923113,-0.1792357800013431,-1.8052502585454302,-0.1805250258545431,-0.8052502585454302,8,2,6,596,0.04435880207000659,0.08192983456671277,-0.16581724398249098,-1.6711673432888046,-0.16711673432888052,-0.6711673432888047,4,7,4
LT_MR_Z_1440,Mean Reversion,LONG_ONLY,LONG,ONE_ALPHA_10PCT_ISOLATED_MARGIN_10X_FIXED_DIRECTION,0.1,10.0,1.0,NEXT_BAR_OPEN_AFTER_T_MINUS_1_INFORMATION,True,10X_MARGIN_STRESS_PROXY_NOT_EXACT_BINANCE_LIQUIDATION,-0.10428260534889917,0.16749049020869164,0.020443634514828224,2.6233152008949256e-16,-0.3018979213130709,0.10944253673540989,0.12424055823095871,-0.11915551392430032,0.1056849158942493,0.008047562989976997,-6.792829435147754e-16,-0.42792417808716093,0.06049940223407297,0.10375999664772896,-0.7164400148600762,0.651345483650587,0.22966787349251294,-0.14804813832168862,-0.6454354083144865,0.6756925066674366,0.10337367602762824,-0.053515636351043866,1893888,0.058645004370515785,0.3014097086609352,-0.6137540732729808,456,0.46374442416869427,253.12158054711244,631296,-0.07760971039757392,-0.08873829857974569,-0.33445400040476125,147,0.3547939476885645,244.60933940774487,1893888,-0.8017248085218366,-0.6765139572047489,-0.8702464928447967,461,0.4771771086780211,255.8970364741641,631296,-0.44846258636476244,-1.4590614629604293,-0.50330310415675,139,0.3615419708029197,231.29726651480638,0.4463053561190185,0.06924853640606993,0.5408015588427546,-1.8831425939538474e-15,-0.23350426070723135,0.7250145003684622,0.6275337186953921,0.35115651930028813,0.028459334328802738,0.4207929415573153,-2.1671383136278027e-15,-0.3310948546691657,0.6359021869373384,0.5595481979699194,-0.5491252650810279,0.09834041241792696,0.427545693276137,1.4357124685931594e-15,-0.07226257350044636,-0.618337010887566,-0.4918720635607943,-0.4694186254355752,0.07776556799708328,0.41320252559224624,5.414070974547213e-16,-0.09347521035204419,-0.5730996827087775,-0.4314489724445193,917,0.13175484223326311,0.24312226275186086,-0.5266090516261087,-5.272718103605384,-0.5272718103605385,-4.272718103605384,86,42,75,286,0.09522132568479436,0.15874121256421853,-0.19907207113126746,-1.9790030645684442,-0.19790030645684442,-0.9790030645684442,18,10,12,456,0.12466500349840334,0.24998318408021789,-0.5266090516261087,-5.272718103605384,-0.5272718103605385,-4.272718103605384,38,22,32,461,0.13501615292861513,0.23839738425258217,-0.43223633389173455,-4.343976865306316,-0.4343976865306317,-3.343976865306316,48,20,43,147,0.09040238812004385,0.1538333721760983,-0.16640663764572283,-1.6760593633466503,-0.16760593633466514,-0.6760593633466503,8,6,5,139,0.09722922941963676,0.16172752805348772,-0.19907207113126746,-1.9790030645684442,-0.19790030645684442,-0.9790030645684442,10,4,7
LT_OFI_0240,Order Flow,UNRESOLVED,NONE,ONE_ALPHA_10PCT_ISOLATED_MARGIN_10X_FIXED_DIRECTION,0.1,10.0,1.0,NEXT_BAR_OPEN_AFTER_T_MINUS_1_INFORMATION,True,10X_MARGIN_STRESS_PROXY_NOT_EXACT_BINANCE_LIQUIDATION,-0.013381493112009934,0.003989160927884124,0.00011657820220123405,2.973428735043405e-16,-0.6705685850082116,0.030506584519544567,0.023748442000095463,-0.09967135656956765,-0.008364701994134048,0.015847077718579405,-1.3273158810097354e-15,-0.9498501053788627,-0.041022711077010894,-0.046571473024696546,0.1202569206579288,-0.03128346323850345,0.02135449150292749,0.04398697171787414,0.061940072958085506,-0.12685603576973808,-0.08691211916291355,0.07446417974398384,1893888,-0.5806025508765651,-0.30778168287581453,-0.8810881004710672,1488,0.43334663929440387,825.9756838905776,631296,-0.15817083994231618,-0.35347612643555065,-0.4553082973277035,546,0.4318259580291971,908.5489749430525,1893888,-0.8953660837389883,-1.1371952984780975,-0.9403155072585363,1495,0.42122237429034876,829.5837765957448,631296,-0.6934107650401428,-2.879537582339994,-0.7296146658350064,554,0.41986009732360097,921.0290432801821,0.4142373502914246,0.006909548465458604,0.44032174056414786,-1.0025294494417877e-15,-0.4292423202859813,0.6515135706101396,0.5441901375961031,0.35826837651634025,0.0065653598317934325,0.38704860709433575,-2.4554863920790952e-15,-0.40300984230232345,0.6210594708648886,0.5019036758667272,-0.4317468296838717,-0.004853283080104354,0.4540894096107121,1.0853428721815626e-15,-0.2247551463229329,-0.636850687058027,-0.5344497346740502,-0.45739505590010676,-0.01383912127713463,0.5138097556220147,6.152019525576452e-16,-0.54308292878651,-0.655588059953334,-0.5484522678944264,2982,0.04267578374908114,0.08359575196549789,-0.21249163756857692,-2.1356414258603573,-0.21356414258603584,-1.1356414258603575,25,25,18,1099,0.033694855622065825,0.0551806483622063,-0.14519610364919422,-1.4645547055697834,-0.14645547055697838,-0.4645547055697834,1,2,1,1488,0.045638817950730395,0.09571920668903865,-0.21249163756857692,-2.1356414258603573,-0.21356414258603584,-1.1356414258603575,18,9,15,1494,0.041083506947956476,0.07489172605822984,-0.2114786830824651,-2.1004446833212107,-0.2100444683321211,-1.1004446833212105,7,16,3,546,0.03442279457596337,0.05371574747715456,-0.08021130471762228,-0.8148289288478414,-0.08148289288478416,0.18517107115215858,0,2,0,553,0.033472902411501956,0.056142898221104715,-0.14519610364919422,-1.4645547055697834,-0.14645547055697838,-0.4645547055697834,1,0,1
LT_OFI_0720,Order Flow,ASYMMETRIC_LS,LONG,ONE_ALPHA_10PCT_ISOLATED_MARGIN_10X_FIXED_DIRECTION,0.1,10.0,1.0,NEXT_BAR_OPEN_AFTER_T_MINUS_1_INFORMATION,True,10X_MARGIN_STRESS_PROXY_NOT_EXACT_BINANCE_LIQUIDATION,-0.028109737704822887,-0.009189672385222478,0.0017949872464054772,0.0,0.5013419687952929,0.055722069683077705,0.034641596463082985,0.0749313339519822,-0.04748949042219164,0.002276439426200483,0.0,-0.17614299242201759,-0.03293492113411175,-0.04145050347172138,0.1570908870374711,-0.016643498577422238,0.07984913706725075,-0.011622565717307645,-0.04953257510436083,-0.015436863167492702,-0.06838437795461236,0.05439731540163784,1893888,2.33587009463145,0.9521166416599885,-0.6425536110543538,479,0.43385353304947283,265.8886778115501,631296,0.3166100847605102,0.8477298539746555,-0.4177671019750995,186,0.45302045316301703,309.50569476082006,1893888,-0.22327558186316787,0.07638053360190875,-0.6234436668154333,490,0.4278500101378751,271.99468085106383,631296,-0.43110816084200887,-1.2957476061207815,-0.5097102961000574,193,0.4099566605839416,320.32175398633257,0.43305600418333556,-0.003909424273495554,0.4314579100411886,-1.056757312595297e-15,0.15178861230637097,0.6567413973180986,0.5396534789289622,0.516484159729012,-0.05292442655870219,0.4718154339162075,-3.1255981093397555e-15,-0.11994639410558813,0.6332099316178409,0.5083062086276801,-0.4584835332712355,-0.007059295908572849,0.4970062748403852,1.755788268449484e-15,0.35634737077170076,-0.621434034780925,-0.5269695019215743,-0.4405555472299349,0.005982635201154773,0.4419401243725084,1.152035600263505e-15,-0.053662767409784,-0.6641703689119067,-0.5541402605628348,969,0.07131704512347552,0.17664473144008658,-0.4252545160754859,-4.273361507103045,-0.4273361507103046,-3.2733615071030453,32,23,28,379,0.055677557895842084,0.08471461931503206,-0.13563269380059895,-1.3690865850452856,-0.1369086585045286,-0.3690865850452855,4,7,2,479,0.07245033885833067,0.1967309055848278,-0.28065037726856823,-2.816819870422071,-0.28168198704220715,-1.8168198704220708,17,13,16,490,0.06875682433389867,0.16558899543124855,-0.4252545160754859,-4.273361507103045,-0.4273361507103046,-3.2733615071030453,15,10,12,186,0.055232596327656175,0.08285334400956679,-0.11118897453865917,-1.1232226115393598,-0.11232226115393606,-0.1232226115393597,2,2,1,193,0.058015023995816525,0.08316430203208455,-0.13563269380059895,-1.3690865850452856,-0.1369086585045286,-0.3690865850452855,2,5,1
LT_VOL_ADJ_MOM_0720,Volatility,LONG_ONLY,LONG,ONE_ALPHA_10PCT_ISOLATED_MARGIN_10X_FIXED_DIRECTION,0.1,10.0,1.0,NEXT_BAR_OPEN_AFTER_T_MINUS_1_INFORMATION,True,10X_MARGIN_STRESS_PROXY_NOT_EXACT_BINANCE_LIQUIDATION,0.08675896946186615,-0.12246726195209129,0.012290593347825673,-3.652552504097342e-16,0.07010558850758933,-0.10809297407124545,-0.11897899133225445,-0.010732366208981164,0.03518086335657955,0.0015163879847803763,8.391051440677217e-16,0.012738403440014081,-0.069694482587825,-0.1038130639717695,0.535243213537966,-0.5059603608748853,-0.14781951333725205,0.018976535201284225,0.5200228606598983,-0.5815630689834279,-0.07710503121104793,-0.03669392434974999,1893888,0.31543771399008236,0.3904249162274385,-0.7181579489242196,533,0.4052235401459854,295.586056231003,631296,0.3753893986743435,1.0137735995064894,-0.27571219188436225,189,0.4007185218978102,314.497722095672,1893888,-0.6533377669364724,-0.4117132267050146,-0.8559228371203056,552,0.4389066301703163,306.41033434650456,631296,-0.32692394536806213,-0.9477949821971373,-0.4437592478123724,190,0.4263990267639903,315.32972665148066,0.4747262486155295,-0.06683191888850754,0.40828907671520054,-1.647734008229062e-15,-0.06773819920681406,0.5890391719707533,0.4722116467560768,0.4221723442018081,0.013118027725836423,0.48286687318195076,-1.6955406790305369e-15,-0.045372655161751534,0.6139405357909778,0.4691423903818917,-0.3932273209683416,-0.05607106803105405,0.4891535638361252,1.6725834869139491e-15,0.14348142158958252,-0.6972151787998118,-0.6031364757328309,-0.4310235091857735,0.02342068078550566,0.4494753318029462,1.5017990749029025e-15,0.06251229908492202,-0.6786055002326292,-0.5882623005848201,1084,0.05453290938494032,0.09056881275507607,-0.14022608156134508,-1.4134194591240827,-0.14134194591240834,-0.4134194591240827,12,15,6,378,0.0382573335584787,0.055080763826453334,-0.11730541580349219,-1.184350325540101,-0.11843503255401011,-0.18435032554010086,1,0,1,532,0.05506820746046223,0.09503378754258156,-0.14022608156134508,-1.4134194591240827,-0.14134194591240834,-0.4134194591240827,9,7,5,552,0.0539304915723016,0.08028248248057047,-0.11392104482042154,-1.1518939744731378,-0.11518939744731382,-0.15189397447313785,3,8,1,188,0.03371466643654752,0.04214306104408543,-0.11730541580349219,-1.184350325540101,-0.11843503255401011,-0.18435032554010086,1,0,1,190,0.04059869152499853,0.061939425319313755,-0.06655060048840244,-0.6779053084869548,-0.06779053084869557,0.32209469151304515,0,0,0
LT_VOLUME_CONFIRMED_MOM_0720,Liquidity / Microstructure,LONG_ONLY,LONG,ONE_ALPHA_10PCT_ISOLATED_MARGIN_10X_FIXED_DIRECTION,0.1,10.0,1.0,NEXT_BAR_OPEN_AFTER_T_MINUS_1_INFORMATION,True,10X_MARGIN_STRESS_PROXY_NOT_EXACT_BINANCE_LIQUIDATION,0.07146216963189496,-0.09870616481182337,0.007079017658234599,3.4615956870372603e-16,-0.010112460757699105,-0.048992872804421043,-0.06920064549059905,0.1474410122258057,-0.053865657172785145,0.017155802349734794,-3.8885593418840266e-16,-0.12307508106192261,-0.03209951678146087,-0.08063449437208775,0.5306399811873156,-0.4180201595551234,-0.1269600716892448,0.1395784098177625,0.4839901628543523,-0.4769030570354019,-0.053207723110292364,0.036306464508877534,1893888,0.5115685086945174,0.476702360895503,-0.7274628958210462,351,0.43386937347931875,194.83700607902736,631296,0.4330073178706473,1.1695810179696444,-0.2244751657073628,105,0.28474756690997566,174.72095671981776,1893888,-0.7760378682613567,-0.6427020423660988,-0.8754730642395343,357,0.4121616484184915,197.89000759878422,631296,-0.38180841399834053,-1.3996863369412678,-0.48461760420457556,104,0.2887963807785888,172.22494305239178,0.5016435536303203,-0.07352830620967049,0.4195550113991411,-5.645927530437142e-16,-0.03169455682435657,0.6246660799958482,0.49772946306563565,0.40991138927390564,-0.04419419224781013,0.38936440611355316,-1.2289171824879438e-15,0.021151424676817843,0.5508014545001894,0.4107418905226592,-0.4267788403954512,-0.026621606500708828,0.46105055280067786,4.39236415305279e-16,0.015119064580326637,-0.6876315346440756,-0.590355336765975,-0.2622655885905995,-0.009533251348810709,0.2604970359866219,-9.239511220532102e-16,-0.1434531298204892,-0.5881168182820043,-0.5181990394654814,707,0.07041650898942312,0.11383066115299093,-0.22794148228248212,-2.295329463807759,-0.22953294638077593,-1.2953294638077588,16,22,10,208,0.0431978709592095,0.0619050644795353,-0.06643795773797678,-0.6756491408792653,-0.06756491408792653,0.32435085912073464,0,0,0,351,0.06767304783869332,0.09907032917176534,-0.22794148228248212,-2.295329463807759,-0.22953294638077593,-1.2953294638077588,8,9,4,356,0.07175261529481963,0.12201865641171553,-0.22227412748383601,-2.238778417144533,-0.22387784171445335,-1.2387784171445333,8,13,6,105,0.03974009798470575,0.0589289666384308,-0.06643795773797678,-0.6756491408792653,-0.06756491408792653,0.32435085912073464,0,0,0,103,0.046782317951300986,0.06198961204434885,-0.0626242014156908,-0.6355733979043829,-0.06355733979043843,0.36442660209561706,0,0,0
LT_ILLIQ_MR_1440,Liquidity / Microstructure,ASYMMETRIC_LS,LONG,ONE_ALPHA_10PCT_ISOLATED_MARGIN_10X_FIXED_DIRECTION,0.1,10.0,1.0,NEXT_BAR_OPEN_AFTER_T_MINUS_1_INFORMATION,True,10X_MARGIN_STRESS_PROXY_NOT_EXACT_BINANCE_LIQUIDATION,-0.04795971493751861,-0.011862809242000498,0.11279767248505668,4.3943229352027e-16,0.07571777768145638,-0.1677214762385184,-0.1310548640382631,-9.500545587274624e-05,-0.0030173106101309593,0.005470131219918795,3.0434622559074805e-16,0.007938305724320568,-0.06057151006979912,-0.04541895465565913,0.002524603010353625,-0.06847446882243705,-0.06456053487932281,0.013440580054346386,-0.0018186535503685079,-0.005531151131274152,-0.0011064672692036833,-0.01001501630945591,1893888,0.03342427416400673,0.3009358355317252,-0.16811565076708357,1,0.002376064476885645,0.5550911854103343,631296,0.0,0.0,0.0,0,0.0,0.0,1893888,0.04281474339267266,0.15284142934841233,-0.29382499682817564,8,0.012513939578264396,4.4407294832826745,631296,0.0074087872213319805,0.27006501705158964,-0.027816842757323768,2,0.00902904501216545,3.328018223234624,0.005032540693677149,-7.911945640360924e-05,0.012092087330160095,-2.7268450026919544e-16,0.0062921710490330615,0.11042779631073792,0.08968647352729756,0.0,0.0,,0.0,0.0,,,-0.05299225563119571,-0.01178368978559697,0.13987137873827793,2.630637496724983e-16,0.06942560663242935,-0.247996307098843,-0.19557596724565735,-9.500545587277725e-05,-0.0030173106101310646,0.005470131219919572,6.086924511814901e-17,0.007938305724329698,-0.06057151006979913,-0.04541895465565932,9,0.04946936816623557,0.05444523178348037,-0.05568919768779157,-0.5661524790454663,-0.05661524790454664,0.4338475209545337,0,0,0,2,0.009463085433018747,0.009482020967037848,-0.009486754850542622,-0.10591693350604692,-0.010591693350604725,0.8940830664939531,0,0,0,1,0.03197896053386784,0.03197896053386784,-0.03197896053386784,-0.32823884653679714,-0.0328238846536798,0.6717611534632029,0,0,0,8,0.050246846856430064,0.05460072752151927,-0.05568919768779157,-0.5661524790454663,-0.05661524790454664,0.4338475209545337,0,0,0,0,,,,,,,0,0,0,2,0.009463085433018747,0.009482020967037848,-0.009486754850542622,-0.10591693350604692,-0.010591693350604725,0.8940830664939531,0,0,0
LT_TRADE_SIZE_DIR_0240,Liquidity / Microstructure,LONG_ONLY,LONG,ONE_ALPHA_10PCT_ISOLATED_MARGIN_10X_FIXED_DIRECTION,0.1,10.0,1.0,NEXT_BAR_OPEN_AFTER_T_MINUS_1_INFORMATION,True,10X_MARGIN_STRESS_PROXY_NOT_EXACT_BINANCE_LIQUIDATION,0.08504006888663908,-0.04993744944745258,0.017120492687674904,-1.225121069791458e-16,0.018205920362168983,0.13954973588320102,0.10610105492746606,0.08143414793263341,-0.017276652844756255,0.03433025963005587,-6.67389773878455e-17,0.06152339304331819,0.04124539582959066,0.0034450261708302288,0.08322331442152282,0.03808340243084991,0.07202160784816557,0.019409242165247472,0.15308415405149398,-0.10337359051755297,0.027252445287995947,-0.007106192158926939,1893888,0.56089778732564,0.6752280802837828,-0.3804915229920851,254,0.044384884428223845,140.99316109422494,631296,0.18307282926347201,1.099629127671736,-0.1437335596820618,88,0.051513077858880776,146.43280182232346,1893888,-0.3943113376674684,-0.8604534061836379,-0.4021282287851028,220,0.03834968065693431,122.12006079027356,631296,-0.04032311243587949,-0.24369063083712922,-0.15293966591111507,87,0.04467001216545012,144.76879271070615,0.14036454380487307,-0.04793288197858951,0.09441313248269356,-3.9000131159410915e-16,0.10882519615061262,0.3086574849120541,0.24310769387628464,0.11127956535597724,-0.018674575645242407,0.11811731717152396,-4.99084555801654e-16,0.06534432510322827,0.29386498837243136,0.22089630444096434,-0.05530315180675989,-0.0017278371872586767,0.07490995486465146,2.694929021990942e-16,-0.08816516339458595,-0.20703231815757125,-0.16986582013322318,-0.029820355104846912,0.0013827069916181496,0.01517674794712176,0.0,-0.0036396034623007913,-0.2654236228425541,-0.24075720894904118,474,0.036258750043841256,0.08002524091274053,-0.37718328314884586,-3.7802534572880426,-0.3780253457288043,-2.7802534572880426,4,3,3,175,0.026961962295076365,0.057050583024067625,-0.06341078679655687,-0.6472402775919498,-0.06472402775919506,0.3527597224080502,0,0,0,254,0.03665870973209043,0.09102086775130108,-0.37718328314884586,-3.7802534572880426,-0.3780253457288043,-2.7802534572880426,3,2,2,220,0.035894222540810525,0.053426899415007806,-0.21953710284878647,-2.241617284707075,-0.22416172847070748,-1.241617284707075,1,1,1,88,0.027537723933599188,0.05623795873030916,-0.06341078679655687,-0.6472402775919498,-0.06472402775919506,0.3527597224080502,0,0,0,87,0.024033831246756888,0.049245032154223656,-0.062413949868872054,-0.6365139823879338,-0.0636513982387934,0.3634860176120662,0,0,0
LT_FUNDING_CROWDING_MR_30D,Carry / Funding,LONG_SHORT,LONG,ONE_ALPHA_10PCT_ISOLATED_MARGIN_10X_FIXED_DIRECTION,0.1,10.0,1.0,NEXT_BAR_OPEN_AFTER_T_MINUS_1_INFORMATION,True,10X_MARGIN_STRESS_PROXY_NOT_EXACT_BINANCE_LIQUIDATION,-0.009349957485387125,0.1076992705569747,0.019617658235030255,-4.608505901633929e-16,0.34763062434528436,0.14583086433826428,0.14339269974932375,-0.09494599624795627,0.11610861257083846,0.006858096217162379,1.8467961852942667e-15,0.8583180579034957,0.0002221980555781001,-0.011590087398569197,-0.044589154224282966,0.26222757539416686,0.22933986609305626,-0.055871014727050465,0.08153025049041221,-0.07159362833490668,-0.02762874755004965,0.06480300498436709,1893888,0.6110608472895342,0.531142750730322,-0.5554370360234722,164,0.4356118207623682,91.03495440729483,631296,1.2705413059597919,2.187861127595228,-0.1790150736754358,52,0.4410926094890511,86.52847380410023,1893888,0.4339000783510871,0.45105083583923417,-0.7363975954003696,148,0.40222019464720193,82.15349544072949,631296,0.047364724198821095,0.2837707016524783,-0.4186493124531494,54,0.4462629257907543,89.0244874715262,0.44883831348043796,0.04610096894051796,0.5094348726968161,-2.2064832679420285e-15,-0.0956950731860687,0.7014658025339543,0.5962241283120049,0.41826837660306976,0.049672836470287474,0.46120292810851915,7.45185801270988e-16,0.3673863727229437,0.6611197872357671,0.5305312907483283,-0.4573936783768107,0.06060405606577879,0.3783063650542947,1.031610067209322e-15,0.4440121433297886,-0.5779426841838605,-0.4617663429902291,-0.5132401069577429,0.06641085177820191,0.4424846034150177,2.490397292621193e-15,0.49036548715272454,-0.654597360260048,-0.5418622891378787,312,0.1600881942500339,0.2634474438015069,-0.5417559184530731,-5.429401391215727,-0.5429401391215727,-4.429401391215727,41,16,32,106,0.08193580567400727,0.19250835881401654,-0.2495311828959974,-2.4778999593597266,-0.24778999593597284,-1.4778999593597266,5,3,5,164,0.15729119298361469,0.2617968757865858,-0.5417559184530731,-5.429401391215727,-0.5429401391215727,-4.429401391215727,19,8,16,148,0.15765244906842643,0.2792582258625466,-0.328203718970413,-3.136764350854798,-0.3136764350854798,-2.136764350854798,22,8,16,52,0.05963207268184414,0.13437421461551272,-0.15897572095699708,-1.641233228588462,-0.16412332285884623,-0.6412332285884622,2,0,2,54,0.09513251072775517,0.2202444702411906,-0.2495311828959974,-2.4778999593597266,-0.24778999593597284,-1.4778999593597266,3,3,3
LT_PERP_SPOT_BASIS_MR_10080,Relative Value,ASYMMETRIC_LS,LONG,ONE_ALPHA_10PCT_ISOLATED_MARGIN_10X_FIXED_DIRECTION,0.1,10.0,1.0,NEXT_BAR_OPEN_AFTER_T_MINUS_1_INFORMATION,True,10X_MARGIN_STRESS_PROXY_NOT_EXACT_BINANCE_LIQUIDATION,0.15772342374382617,-0.02597563262863571,0.02321330947506728,-3.326768559753668e-16,0.41287614677148277,0.11102541485456671,0.10015179524505749,-0.14102326069826013,0.0312459460958662,0.014949158699209875,1.7789925881107588e-16,0.0587359378029484,-0.08095354648944686,-0.07222434434258469,-0.0804800552295797,0.21712969845579544,0.17804532887644817,-0.07524837212899614,-0.10784974684114096,-0.04900788118573256,-0.07213802319488388,-0.08698973252404933,1893888,1.558341533467329,0.8135051264402829,-0.5484180397627907,141,0.37817442214111924,78.26785714285714,631296,0.45579574801931577,1.1899471821351162,-0.25756588989186446,37,0.35621958637469586,61.56833712984054,1893888,0.14143424356380008,0.29040943153494597,-0.6441492168136671,152,0.3713947181670722,84.37386018237082,631296,-0.42555544302521664,-1.1570077431725831,-0.561848364590965,41,0.3982664233576642,67.39236902050115,0.45159661189495437,-0.014129221124348612,0.46009255060148924,-1.972127962909755e-15,0.08144886327057232,0.6473111045745455,0.5428000412228966,0.3684516946212032,-0.0014593298710270652,0.3626178244667131,-1.1570094439800517e-15,0.05123388912116341,0.5980531777053215,0.47934768202003486,-0.2941188093457897,-0.011601627340780907,0.3031892974011299,1.8629404270921595e-16,0.3290873916929056,-0.56480545371557,-0.4629661833072184,-0.5095247301433644,0.0330492319821338,0.46444271334113085,0.0,0.007766893508933031,-0.6351215243938514,-0.5188419481526572,293,0.16352921411427584,0.22724314114346128,-0.526475983280666,-5.271387596563307,-0.5271387596563307,-4.271387596563307,37,20,36,78,0.12391266119445454,0.2152849493943973,-0.24678366655226514,-2.4504762748252475,-0.24504762748252484,-1.4504762748252475,9,6,9,141,0.17794384182073697,0.23185055397721055,-0.526475983280666,-5.271387596563307,-0.5271387596563307,-4.271387596563307,18,11,18,152,0.1431181756670496,0.20563052753779726,-0.26103783165227723,-2.5846353026975017,-0.2584635302697501,-1.5846353026975017,19,9,18,37,0.10606285189776346,0.14620704944923577,-0.16258660000376857,-1.645422529505241,-0.16454225295052416,-0.6454225295052409,3,3,3,41,0.17961017989468187,0.23042069660012598,-0.24678366655226514,-2.4504762748252475,-0.24504762748252484,-1.4504762748252475,6,3,6
LT_PERP_SPOT_BASIS_MR_43200,Relative Value,ASYMMETRIC_LS,LONG,ONE_ALPHA_10PCT_ISOLATED_MARGIN_10X_FIXED_DIRECTION,0.1,10.0,1.0,NEXT_BAR_OPEN_AFTER_T_MINUS_1_INFORMATION,True,10X_MARGIN_STRESS_PROXY_NOT_EXACT_BINANCE_LIQUIDATION,-0.04837104220474908,0.0844578764817293,0.006988053351578816,-4.3845639239099647e-16,0.45981106145924217,0.09570416723738315,0.10517266714736317,-0.07089493939514888,0.054917653857437396,0.002210433568477943,9.44136729907094e-16,0.7367734501872848,-0.010156919855501621,-0.014151935715566765,-0.13655293868623797,0.23829833838081174,0.14933525085657604,-0.04065013776278314,0.036920414345743474,-0.04999893125590565,-0.0392140090469724,0.06023127679803301,1893888,1.6759139343720046,0.8404747305918603,-0.5285961087264555,115,0.38976961678832117,63.83548632218845,631296,0.9921703092448468,1.9904249105356318,-0.17907098480724415,29,0.34253345498783455,48.256264236902055,1893888,0.19538615292804518,0.3425218742050253,-0.83650740059243,122,0.36622440186536903,67.44357902735563,631296,0.041506716362357476,0.2644792717743619,-0.3706738243328226,36,0.3807025547445255,59.07232346241458,0.3749393345256407,0.031593390226136775,0.4348789221931779,-1.3904300674000553e-15,0.0788031408453747,0.6576955977951102,0.5618911746040292,0.4186081444330414,-0.014840074444420925,0.4066357432093137,-6.95692304396938e-16,0.28075680250371915,0.6118445317893232,0.4944437368369464,-0.4230071780761764,0.052700745016634354,0.32737636904089973,8.236513442766073e-16,0.38123988707435713,-0.5442646535932281,-0.43125635926059086,-0.4894331051093584,0.06965841720517243,0.4410247415285383,2.0510404948866338e-15,0.4575072913070385,-0.6140074610025212,-0.5045151865196578,236,0.20918036493794484,0.3520222504860462,-0.5141737027936284,-4.926177441014676,-0.49261774410146775,-3.9261774410146764,40,12,35,64,0.12148991391752703,0.15961729815469375,-0.18485455180089705,-1.8616546453197758,-0.1861654645319777,-0.8616546453197758,5,2,5,115,0.21167122769734714,0.30627652764549884,-0.40099629696397354,-4.016757085252854,-0.40167570852528534,-3.0167570852528534,20,6,17,121,0.18412799966437343,0.357137684931401,-0.5141737027936284,-4.926177441014676,-0.49261774410146775,-3.9261774410146764,20,6,18,29,0.09805347743845841,0.1352165852851942,-0.14479541902914594,-1.5035384921058155,-0.1503538492105816,-0.5035384921058154,2,1,2,35,0.12779276784698176,0.16892716321758391,-0.18485455180089705,-1.8616546453197758,-0.1861654645319777,-0.8616546453197758,3,1,3
LT_BTC_ETH_RATIO_MR_7D,Relative Value,LONG_ONLY,LONG,ONE_ALPHA_10PCT_ISOLATED_MARGIN_10X_FIXED_DIRECTION,0.1,10.0,1.0,NEXT_BAR_OPEN_AFTER_T_MINUS_1_INFORMATION,True,10X_MARGIN_STRESS_PROXY_NOT_EXACT_BINANCE_LIQUIDATION,-0.15886703664747745,-0.02184904154341122,0.039310963035147806,8.362605100689233e-16,-0.11149343743199973,-0.1243697433647478,-0.08155044104112154,-0.31269351716558497,0.06670739436815151,0.06817725954260578,9.98526686145314e-17,-0.035954906262867854,-0.20729729287995305,-0.16270964165156188,-0.11249297106480555,-0.11657395160900369,-0.2427776661279399,0.1723886120357061,-0.2112898483530152,-0.20425647372126834,-0.3265541323325151,0.06847642367603014,1893888,-0.0009311715296748124,0.2073456530720623,-0.7056476722758482,131,0.45211121248986214,72.43939969604862,631296,0.14784550467979307,0.5356198059321534,-0.345754484374757,39,0.42666514598540145,64.89635535307517,1893888,-0.808402675860791,-0.6446625759070104,-0.9220213178277019,125,0.4499949310624493,69.38639817629179,631296,-0.4479868281376532,-1.1027462533630346,-0.5528863008044338,43,0.5013876216545012,70.72038724373576,0.3792870541857042,-0.025398379033277574,0.362302085268127,-9.284213807004144e-16,-0.1416401695054624,0.591244731080825,0.5075971230789136,0.3412993378934458,0.004673022446914449,0.33387435539200583,-1.057082836527593e-15,-0.12838698390626604,0.595236797543917,0.49209010788301366,-0.538410598859826,0.003613189718428278,0.5493104477595026,2.898730359215269e-15,0.03162035337713056,-0.6895519806163241,-0.5583072941447506,-0.6553370385280988,0.06295757069841107,0.5952865605177076,8.567335976038199e-16,0.09453633952789275,-0.7397241093953383,-0.6004564849909562,255,0.1729527792407204,0.2454717609120298,-0.3153567905294312,-3.1193076732177443,-0.3119307673217745,-2.1193076732177443,52,18,45,81,0.09817331540213425,0.1656982068243928,-0.2605464192633211,-2.504944910843035,-0.25049449108430355,-1.504944910843035,9,11,4,130,0.16065587715650076,0.2125219703843958,-0.2186957883618772,-2.206296319631287,-0.2206296319631288,-1.2062963196312868,24,9,19,125,0.18534006199629938,0.25021498336553044,-0.3153567905294312,-3.1193076732177443,-0.3119307673217745,-2.1193076732177443,28,9,26,38,0.09808085186012779,0.11163701164873853,-0.11441502582057295,-1.164290545775749,-0.11642905457757491,-0.16429054577574917,3,7,2,43,0.09772339757041093,0.21075110773288336,-0.2605464192633211,-2.504944910843035,-0.25049449108430355,-1.504944910843035,6,4,2
LT_BTC_ETH_RATIO_MOM_1D,Relative Value,LONG_ONLY,LONG,ONE_ALPHA_10PCT_ISOLATED_MARGIN_10X_FIXED_DIRECTION,0.1,10.0,1.0,NEXT_BAR_OPEN_AFTER_T_MINUS_1_INFORMATION,True,10X_MARGIN_STRESS_PROXY_NOT_EXACT_BINANCE_LIQUIDATION,0.19478572401921396,-0.03365518330577941,0.027418515869167215,-2.73447335256235e-16,0.13295786224609962,0.1799125628575777,0.1391793260077114,0.08328037408803292,0.049115262957639634,0.025854757181650645,-4.005831752356263e-16,-0.7114968153498635,0.17622555365141168,0.14972956545761304,0.05135099635727187,0.2619100690110827,0.32852754376780235,-0.15691514635066253,0.1142001468452187,0.2041435528255843,0.26735255862933877,-0.08256346012181329,1893888,0.8665372284431971,0.6081794548624052,-0.6872996094550631,308,0.49092026561232766,170.6905395136778,631296,-0.12523028513425727,-0.18669030489284025,-0.4631783362915367,90,0.39121426399026765,149.7608200455581,1893888,-0.4951168413667567,-0.20193965694888133,-0.6950586297413381,309,0.4703023621248986,171.5231762917933,631296,-0.5094080715806713,-2.0837724945900273,-0.5394229809090896,94,0.3753231447688564,156.41685649202734,0.5824874755749065,-0.023144409251786957,0.5717173485293678,-1.2354833232897082e-15,-0.05009424999455196,0.7336628957360655,0.6080015790545104,0.44226523675128654,0.004313708006797812,0.4696864263378563,-2.325178965050601e-15,-0.4297257270699301,0.6757767470991378,0.5553851162445655,-0.3856139230341052,-0.010810080098242913,0.40223703516921683,1.4757627332580534e-15,0.18533618632981047,-0.6087498849407753,-0.5200982830027576,-0.35994349780772517,0.046681921660112924,0.34352038673743046,-2.670561168514135e-16,-0.2788524658585506,-0.5464733453236056,-0.44138858943925446,616,0.12202226557755805,0.19034469158768838,-0.5354515732240865,-5.361131596812123,-0.5361131596812123,-4.361131596812123,62,23,53,183,0.07306942639450385,0.15393814741351175,-0.24648349717477558,-2.482456532489003,-0.24824565324890036,-1.4824565324890033,8,3,6,307,0.13391191587007906,0.21295450469407395,-0.5354515732240865,-5.361131596812123,-0.5361131596812123,-4.361131596812123,34,13,32,309,0.10871891709252289,0.1554758524464913,-0.2916067056646794,-2.936939825658886,-0.29369398256588863,-1.9369398256588857,28,10,21,89,0.09702384407454559,0.15208595616891007,-0.24648349717477558,-2.482456532489003,-0.24824565324890036,-1.4824565324890033,6,1,5,94,0.05902593403325511,0.09998388856958279,-0.22101680421326964,-2.2209458005683977,-0.2220945800568399,-1.2209458005683977,2,2,1
