alpha_id,family,hypothesis,rebalance_minutes,smoothing_halflife_minutes,no_trade_band,base_cost_bps_one_way,train_bars,train_net_return,train_net_sharpe_daily,train_max_drawdown,train_avg_turnover_per_bar,train_annualized_turnover,train_trade_events,train_mean_abs_position,train_gross_bps_per_unit_turnover,train_ic_15m,train_rank_ic_15m,train_ic_60m,train_rank_ic_60m,train_ic_240m,train_rank_ic_240m,val_bars,val_net_return,val_net_sharpe_daily,val_max_drawdown,val_avg_turnover_per_bar,val_annualized_turnover,val_trade_events,val_mean_abs_position,val_gross_bps_per_unit_turnover,val_ic_15m,val_rank_ic_15m,val_ic_60m,val_rank_ic_60m,val_ic_240m,val_rank_ic_240m,train_positive_year_fraction,val_positive_year_fraction,direction_consistent,phase2_candidate
LT_FUNDING_CROWDING_MR_30D,Carry / Funding,Thirty-day funding extremes may proxy crowded perpetual positioning.,60,720,0.12,6.0,1893888,1.1152095745650592,1.187499699971497,-0.20031336676128775,0.0001108829746954143,58.284578405320644,1980,0.20774723589420319,45.88446137001495,0.008459350670334308,0.000962412310701633,0.017453094124045866,0.0065996531091449635,0.024188758848634077,0.022853963143407152,631296,0.34602182388393077,1.771071467026866,-0.1410276624835024,0.00012038731802022085,63.23234377428889,721,0.2375190258026123,46.92893206238139,-0.0001341981289448105,-0.001768202606127806,0.0002176464328682038,0.0021139972982776993,0.010329421265746645,0.010933868908876626,1.0,1.0,True,True
LT_PERP_SPOT_BASIS_MR_43200,Relative Value,Perpetual/spot basis dislocation over 43200m may mean revert.,60,720,0.12,6.0,1893888,1.061248262997076,1.574002776433674,-0.1175353789729493,6.626579124713317e-05,34.83197200857103,1222,0.1477557271718979,67.31582787533915,0.034009164943038094,0.011269477281364508,0.046047207236381144,0.028706653580637818,0.06467379233808808,0.04130932478476383,631296,0.17069869978665508,1.2245306399470042,-0.07357036048001309,5.702553971786983e-05,29.95216627791524,356,0.1758573055267334,52.45024418418627,0.008501497504050146,0.005153112916440857,0.014490173016087637,0.010904226894395588,0.00913410396502984,0.011064667358266687,1.0,0.5,True,False
LT_MOM_4320,Momentum / Trend,4320m persistence may survive when traded slowly.,60,240,0.15,6.0,1893888,0.15115865512305748,0.3544824102000168,-0.5652640342539776,0.00021131140238139778,111.07374664396048,1997,0.33054715394973755,15.682513404508967,-0.005284882448935253,0.0026386845888171605,-0.007487631092029928,0.0012949999835087961,-0.008803620353499844,-0.0033982291191501784,631296,0.262975790319389,1.0480071682262326,-0.1372495351469064,0.00022192439064383507,116.56384478509426,698,0.33799418807029724,25.2687036213666,0.0030182805217660496,-0.002517601979611592,0.009518524365647664,-0.007061071202072457,0.016163520701188334,-0.0051229471301449695,0.75,1.0,True,False
LT_TRADE_SIZE_DIR_0240,Liquidity / Microstructure,Large average trade-size shocks may confirm the prevailing 4h direction.,30,120,0.15,6.0,1893888,0.011597200224262583,0.10313304330438618,-0.08732962612707429,0.00010032273712567985,52.733664102852345,950,0.016562754288315773,6.960241946402183,0.003158257683439004,-0.010831251627172666,0.0023234176937530684,-0.007494693897536268,0.004097600260559069,-0.0023125965979712624,631296,0.028412350748991733,0.6864731622081566,-0.03741088115103375,0.00011088301835115999,58.24031878262758,350,0.019236618652939796,10.150618809581903,0.002339701504676903,-0.0059437389629957045,0.013033194389156686,0.00027443138847788284,0.013762388897135748,0.01077973872814519,0.5,1.0,True,False
LT_VOLUME_CONFIRMED_MOM_0720,Liquidity / Microstructure,12h momentum with above-normal dollar volume may have stronger continuation.,60,240,0.15,6.0,1893888,0.10062662173783044,0.29877900558943427,-0.1839416608019775,0.00015634502051398158,82.1812587082386,1473,0.11608453094959259,10.594400761616415,-0.028312150491253282,-0.02300253099393072,-0.03149245282444856,-0.02613878121648716,-0.015556615171276506,-0.022485466559413594,631296,0.024919330101314197,0.3150375699211841,-0.08329685461092262,0.00017281911277677864,90.77170205488801,543,0.10316488146781921,8.872138170959852,-0.019129370506814992,-0.01912842194904538,-0.009873738517611993,-0.020089787253183056,0.009864298467058632,-0.0008165550795066999,0.5,0.5,True,False
LT_ILLIQ_MR_1440,Liquidity / Microstructure,One-day extreme price impact may normalize when positions change slowly.,60,360,0.18,6.0,1893888,0.0017591140414616735,0.046118118827999044,-0.0979968570331502,1.9008518847840605e-06,0.9991641628439538,18,0.0029780010227113962,21.1359975486957,-0.0002180048720971447,-0.0005123298434817097,-0.0011050300211828687,-0.007228599775099045,-0.0036265611733931917,-0.0035495831247150445,631296,0.0013496301131010746,0.23720410503952422,-0.005748864148769073,1.26723443827359e-06,0.6656036723870784,4,0.00180580944288522,23.161624442000605,0.002036851087857272,0.003836799615547843,-0.0004603526463265569,0.0021320340365609367,0.00906272389571334,0.008243455619235028,0.25,0.5,True,False
LT_MOM_0720,Momentum / Trend,720m persistence may survive when traded slowly.,60,240,0.15,6.0,1893888,0.1318586141316822,0.3068421247573118,-0.4590312181276964,0.00035028462298214436,184.12375317513943,3290,0.1970137655735016,10.086213602009911,-0.012847588375910775,-0.019568705248477775,-0.015287139171284533,-0.03284612775677882,0.0038471822236424797,-0.02569270493745996,631296,0.017134817897622057,0.23364699468245106,-0.12929181600141026,0.0003538752207532525,185.8698203265667,1106,0.1951015144586563,7.598166021907742,-0.0026052551314668577,-0.022058805404424647,0.003518266643590605,-0.02444618334461899,0.006089960725655456,-0.015269823484520547,0.5,0.5,True,False
LT_BTC_ETH_RATIO_MR_7D,Relative Value,Extreme BTC/ETH log-price ratio deviations may mean revert.,60,720,0.12,6.0,1893888,-0.42701034593821363,-0.48207642438969756,-0.5679996956207495,0.00012656504986807704,66.52768277004361,2316,0.28961947560310364,-11.709694833411765,-0.0010891948775943166,-0.004783764449609875,-0.004363727354731069,-0.011484381408849633,-0.01245252434642312,-0.02385303162054947,631296,-0.0023794991208330174,0.10561992306882503,-0.19373726724282558,0.00012814905494451523,67.30917098745704,778,0.3054421544075012,8.637550599320855,-0.0008007326224584579,-0.007140108652647039,-0.001969390417748414,-0.009724058773544018,0.0003484782949991811,-0.011032980286668992,0.25,0.5,False,False
LT_VOL_ADJ_MOM_0720,Volatility,Risk-scaled 12h momentum may be more stable across volatility regimes.,60,240,0.15,6.0,1893888,0.43446559177185384,0.6991952166045222,-0.2630371975847332,0.0003716692444868386,195.36434756219387,3502,0.20255084335803986,12.31199253390429,-0.00018606557560059777,-0.021557684237152732,0.005661505966570732,-0.03324698837197997,0.0202586417041219,-0.02565928924033157,631296,-0.006342572819996617,0.04500321105364948,-0.11428130564309569,0.00037842776509933174,198.76589441299438,1189,0.19945256412029266,6.270652377575735,0.002524411079435057,-0.02307728092984104,0.013716314741375902,-0.02484482106687564,0.023497477733200014,-0.01467201487654413,0.75,0.5,True,False
LT_MOM_0240,Momentum / Trend,240m persistence may survive when traded slowly.,60,240,0.15,6.0,1893888,-0.1908491171131932,-0.29180392110833114,-0.41661030192733195,0.00034273421624675393,180.15484280884266,3186,0.12358961254358292,3.6280564582572934,-0.025752860084031454,-0.0404289364660103,-0.03603314875216077,-0.05479781643552993,-0.045477375541734456,-0.055955650161029886,631296,-0.027388698750390184,-0.17533345747622087,-0.1210229124019997,0.0003402524453122169,178.7145763412118,1054,0.12560826539993286,5.101634766506,-0.009175299659893716,-0.039259973060209764,-0.00391194622324029,-0.043498229097640555,0.006506293999854181,-0.041500833513453114,0.25,0.5,True,False
LT_PERP_SPOT_BASIS_MR_10080,Relative Value,Perpetual/spot basis dislocation over 10080m may mean revert.,60,720,0.12,6.0,1893888,0.6413849637976232,1.0681664711937948,-0.1706403337403396,7.423884380841628e-05,39.02291252464056,1370,0.1421932578086853,44.386261677701704,0.032950547394365676,0.015105919514209698,0.04742388724381809,0.03785219456996561,0.06310252430177846,0.054769529032629265,631296,-0.03884440774780851,-0.293506137740879,-0.10138661437884589,6.256969209061936e-05,32.86418221704662,384,0.1473483145236969,-2.292096129506017,0.011812743574214999,0.010448112506807324,0.02049415510149729,0.01810101367933802,0.013368921946016736,0.02184362658307951,1.0,0.5,False,False
LT_BTC_ETH_RATIO_MOM_1D,Relative Value,One-day BTC relative strength versus ETH may persist at a slower horizon.,60,360,0.15,6.0,1893888,-0.07929694389671493,0.0478240262448588,-0.3842096781552016,0.00023681444872636348,124.4792091473937,2242,0.23241828382015228,6.955816713806582,0.0033645383808204323,0.006101734085793976,0.008744851287152772,0.01755820657852338,0.025095889118890817,0.03288315031310337,631296,-0.1472864267374967,-0.8145935192842563,-0.21555383650822313,0.0002334879682166502,122.63747110962868,735,0.22728101909160614,-3.552281045007178,0.008737817912185208,0.00793646805012363,0.015440266425023611,0.012652908868877884,0.017313145302503153,0.01574887865849489,0.5,0.0,False,False
LT_MOM_1440,Momentum / Trend,1440m persistence may survive when traded slowly.,60,240,0.15,6.0,1893888,-0.2605749064258983,-0.12225981229280986,-0.6287137792910973,0.00028470534016378224,149.65260431170464,2683,0.24067312479019165,3.8260356245407863,-0.009804890731878249,-0.013997347912353991,-0.013886765959827725,-0.031041992877360102,-0.025224085029211887,-0.0414134560198466,631296,-0.17883431701098185,-0.870860301594914,-0.30225622080286063,0.0002920975093729794,153.42163883149624,916,0.24890698492527008,-3.2665386536162253,-0.008362553361467786,-0.02564747799602455,-0.012896172212037605,-0.04049490830964338,-0.02052038658280375,-0.05385705478896561,0.5,0.0,True,False
LT_MR_Z_1440,Mean Reversion,Price dislocation over 1440m may mean revert after turnover control.,60,360,0.15,6.0,1893888,-0.4048248014739557,-0.7298120346360046,-0.45917651607054566,0.0002449986641295254,128.78117698431015,2318,0.189765065908432,-3.7119243528968657,0.001250710024066285,0.029231861684640266,-0.004935229681003281,0.04265392717955851,-0.012779997252091512,0.038400011814763026,631296,-0.1371206659625459,-1.060856233550433,-0.14485147360447537,0.0002604166220407933,136.7815446406603,822,0.18137921392917633,-2.3812937365736904,-0.0032449831774121573,0.03256525022993721,-0.01544805993156441,0.038882608019036445,-0.027775905061298848,0.034586259293737265,0.25,0.0,True,False
LT_OFI_0720,Order Flow,Persistent taker imbalance over 720m may identify informed pressure.,30,180,0.12,6.0,1893888,0.7918134715422087,0.8916369815712607,-0.3092828282943193,0.0003828103363048285,201.22055093944073,6388,0.23348942399024963,15.546490586664579,0.003515500677049807,-0.0014140927017344362,0.009234776722450645,0.003058182851624058,0.024489258774426446,0.01724116985030909,631296,-0.16194259504009578,-1.0915684734952793,-0.27450415989594823,0.0004159696982242167,218.48439449071884,2276,0.21019428968429565,-0.3057818576148181,-0.004900862789124927,-0.008653860165801906,-0.004281910496563652,-0.004591369110606865,-0.008340631503335335,-0.00883382998032405,0.75,0.5,False,False
LT_MR_Z_0240,Mean Reversion,Price dislocation over 240m may mean revert after turnover control.,30,120,0.15,6.0,1893888,-0.43778666314368986,-1.1436606269233214,-0.44750929844691145,0.0007443416980095208,391.25602251291275,7022,0.13671188056468964,2.2066557239295537,0.009765524267138299,0.06298561512302818,0.004530313460455112,0.06030538675666501,0.0037117360390145474,0.04918144456751186,631296,-0.22734882884634722,-2.7193031091724493,-0.24072172082710497,0.0007522620726376772,395.11899715662,2367,0.13928870856761932,0.6930720319827156,0.01012563087895936,0.054561531219224385,-0.004098573875576515,0.05602342993451361,0.0005707994240495105,0.04735911532396608,0.0,0.0,True,False
LT_OFI_0240,Order Flow,Persistent taker imbalance over 240m may identify informed pressure.,15,60,0.12,6.0,1893888,-0.6266128230486775,-1.4581874702634916,-0.6887897647817031,0.0011032859329134226,579.9315066933632,16411,0.2172905057668686,1.6696429319326385,0.0023489213514912583,-0.008589282953654229,0.008415062228955448,-0.0016007745303130657,0.01666371818009475,0.011290506164377736,631296,-0.35807843846926024,-3.136363916209022,-0.365927618876269,0.0011793201556429267,619.4274616241455,5783,0.2041129618883133,0.1683434147802025,-0.0027199558071488725,-0.009023639348580184,0.0021442467162685816,0.0024861126872046356,0.0025935213365819824,-0.0007547183138193819,0.25,0.0,True,False
