alpha_id,segment,cost_bps_one_way,bars,net_return,net_sharpe_daily,max_drawdown,avg_turnover_per_bar,annualized_turnover,trade_events,mean_abs_position,gross_bps_per_unit_turnover
LT_MOM_0240,train,0.0,1893888,0.1944654572896578,0.447080008091242,-0.29366979654964886,0.00034273421624675393,180.15484280884266,3186,0.12358961254358292,3.6280564582572934
LT_MOM_0240,validation,0.0,631296,0.10633556517726417,1.003013753113568,-0.0856824977018833,0.0003402524453122169,178.7145763412118,1054,0.12560826539993286,5.101634766506
LT_MOM_0240,train,2.0,1893888,0.04904604641872856,0.20052864838194903,-0.3370996055792872,0.00034273421624675393,180.15484280884266,3186,0.12358961254358292,3.6280564582572934
LT_MOM_0240,validation,2.0,631296,0.0598354787352422,0.6092602766223122,-0.09148960942132012,0.0003402524453122169,178.7145763412118,1054,0.12560826539993286,5.101634766506
LT_MOM_0240,train,6.0,1893888,-0.1908491171131932,-0.29180392110833114,-0.41661030192733195,0.00034273421624675393,180.15484280884266,3186,0.12358961254358292,3.6280564582572934
LT_MOM_0240,validation,6.0,631296,-0.027388698750390184,-0.17533345747622087,-0.1210229124019997,0.0003402524453122169,178.7145763412118,1054,0.12560826539993286,5.101634766506
LT_MOM_0240,train,10.0,1893888,-0.37589853391073136,-0.7826944634874178,-0.5042739823210796,0.00034273421624675393,180.15484280884266,3186,0.12358961254358292,3.6280564582572934
LT_MOM_0240,validation,10.0,631296,-0.10744065877684084,-0.9543534838761629,-0.171786939192634,0.0003402524453122169,178.7145763412118,1054,0.12560826539993286,5.101634766506
LT_MOM_0720,train,0.0,1893888,0.6852597734063746,0.7576825245190693,-0.36178419601260325,0.00035028462298214436,184.12375317513943,3290,0.1970137655735016,10.086213602009911
LT_MOM_0720,validation,0.0,631296,0.1630369304429362,1.112696435557013,-0.09441177602597695,0.0003538752207532525,185.8698203265667,1106,0.1951015144586563,7.598166021907742
LT_MOM_0720,train,2.0,1893888,0.47585705718923443,0.6073816528365237,-0.3743895604587706,0.00035028462298214436,184.12375317513943,3290,0.1970137655735016,10.086213602009911
LT_MOM_0720,validation,2.0,631296,0.11221640930143373,0.8194467656767567,-0.10006542868594204,0.0003538752207532525,185.8698203265667,1106,0.1951015144586563,7.598166021907742
LT_MOM_0720,train,6.0,1893888,0.1318586141316822,0.3068421247573118,-0.4590312181276964,0.00035028462298214436,184.12375317513943,3290,0.1970137655735016,10.086213602009911
LT_MOM_0720,validation,6.0,631296,0.017134817897622057,0.23364699468245106,-0.12929181600141026,0.0003538752207532525,185.8698203265667,1106,0.1951015144586563,7.598166021907742
LT_MOM_0720,train,10.0,1893888,-0.13197800411426586,0.006471200009432947,-0.5553833219323382,0.00035028462298214436,184.12375317513943,3290,0.1970137655735016,10.086213602009911
LT_MOM_0720,validation,10.0,631296,-0.06982515046448967,-0.3505458116582571,-0.1839932113867142,0.0003538752207532525,185.8698203265667,1106,0.1951015144586563,7.598166021907742
LT_MOM_1440,train,0.0,1893888,0.021894418424902806,0.21555468624274304,-0.5302192842936352,0.00028470534016378224,149.65260431170464,2683,0.24067312479019165,3.8260356245407863
LT_MOM_1440,validation,0.0,631296,-0.08275762996121538,-0.30839177127418277,-0.22639744658919725,0.0002920975093729794,153.42163883149624,916,0.24890698492527008,-3.2665386536162253
LT_MOM_1440,train,2.0,1893888,-0.08257486707304573,0.10281727759905544,-0.5648595623521757,0.00028470534016378224,149.65260431170464,2683,0.24067312479019165,3.8260356245407863
LT_MOM_1440,validation,2.0,631296,-0.11597004173817271,-0.49647491836910057,-0.25255738029556085,0.0002920975093729794,153.42163883149624,916,0.24890698492527008,-3.2665386536162253
LT_MOM_1440,train,6.0,1893888,-0.2605749064258983,-0.12225981229280986,-0.6287137792910973,0.00028470534016378224,149.65260431170464,2683,0.24067312479019165,3.8260356245407863
LT_MOM_1440,validation,6.0,631296,-0.17883431701098185,-0.870860301594914,-0.30225622080286063,0.0002920975093729794,153.42163883149624,916,0.24890698492527008,-3.2665386536162253
LT_MOM_1440,train,10.0,1893888,-0.4040495021845909,-0.3467690123397179,-0.6832018292367188,0.00028470534016378224,149.65260431170464,2683,0.24067312479019165,3.8260356245407863
LT_MOM_1440,validation,10.0,631296,-0.23723279531357966,-1.242725134881467,-0.3486541170111668,0.0002920975093729794,153.42163883149624,916,0.24890698492527008,-3.2665386536162253
LT_MOM_4320,train,0.0,1893888,0.4636081532682761,0.5743185809608208,-0.5110071807151872,0.00021131140238139778,111.07374664396048,1997,0.33054715394973755,15.682513404508967
LT_MOM_4320,validation,0.0,631296,0.37356906465116047,1.3750137756256495,-0.1272313275891056,0.00022192439064383507,116.56384478509426,698,0.33799418807029724,25.2687036213666
LT_MOM_4320,train,2.0,1893888,0.3510238088155093,0.501029588646627,-0.5298055193626015,0.00021131140238139778,111.07374664396048,1997,0.33054715394973755,15.682513404508967
LT_MOM_4320,validation,2.0,631296,0.3356699788971724,1.2659678155445044,-0.12852220716112017,0.00022192439064383507,116.56384478509426,698,0.33799418807029724,25.2687036213666
LT_MOM_4320,train,6.0,1893888,0.15115865512305748,0.3544824102000168,-0.5652640342539776,0.00021131140238139778,111.07374664396048,1997,0.33054715394973755,15.682513404508967
LT_MOM_4320,validation,6.0,631296,0.262975790319389,1.0480071682262326,-0.1372495351469064,0.00022192439064383507,116.56384478509426,698,0.33799418807029724,25.2687036213666
LT_MOM_4320,train,10.0,1893888,-0.01915183512948171,0.2079892523897446,-0.598051061461254,0.00021131140238139778,111.07374664396048,1997,0.33054715394973755,15.682513404508967
LT_MOM_4320,validation,10.0,631296,0.19423262611542702,0.8302627548063819,-0.15152371248981,0.00022192439064383507,116.56384478509426,698,0.33799418807029724,25.2687036213666
LT_MR_Z_0240,train,0.0,1893888,0.3099817775109548,0.6598193562883278,-0.14448733628428156,0.0007443416980095208,391.25602251291275,7022,0.13671188056468964,2.2066557239295537
LT_MR_Z_0240,validation,0.0,631296,0.027337502560393245,0.35094879087203557,-0.057190906517656126,0.0007522620726376772,395.11899715662,2367,0.13928870856761932,0.6930720319827156
LT_MR_Z_0240,train,2.0,1893888,-0.011866832422876339,0.06196772526873137,-0.19669540595138713,0.0007443416980095208,391.25602251291275,7022,0.13671188056468964,2.2066557239295537
LT_MR_Z_0240,validation,2.0,631296,-0.06573178180327566,-0.664399718379959,-0.0947200713028854,0.0007522620726376772,395.11899715662,2367,0.13928870856761932,0.6930720319827156
LT_MR_Z_0240,train,6.0,1893888,-0.43778666314368986,-1.1436606269233214,-0.44750929844691145,0.0007443416980095208,391.25602251291275,7022,0.13671188056468964,2.2066557239295537
LT_MR_Z_0240,validation,6.0,631296,-0.22734882884634722,-2.7193031091724493,-0.24072172082710497,0.0007522620726376772,395.11899715662,2367,0.13928870856761932,0.6930720319827156
LT_MR_Z_0240,train,10.0,1893888,-0.6801347189521413,-2.3616567735816316,-0.6830122803332201,0.0007443416980095208,391.25602251291275,7022,0.13671188056468964,2.2066557239295537
LT_MR_Z_0240,validation,10.0,631296,-0.3610178509923817,-4.801787123990556,-0.36832441191695275,0.0007522620726376772,395.11899715662,2367,0.13928870856761932,0.6930720319827156
LT_MR_Z_1440,train,0.0,1893888,-0.21374569568858381,-0.2779729904327864,-0.36512689680582144,0.0002449986641295254,128.78117698431015,2318,0.189765065908432,-3.7119243528968657
LT_MR_Z_1440,validation,0.0,631296,-0.04766122999952582,-0.2997937730317553,-0.0824507138544106,0.0002604166220407933,136.7815446406603,822,0.18137921392917633,-2.3812937365736904
LT_MR_Z_1440,train,2.0,1893888,-0.28343006884375554,-0.42824676685392743,-0.3810876917784609,0.0002449986641295254,128.78117698431015,2318,0.189765065908432,-3.7119243528968657
LT_MR_Z_1440,validation,2.0,631296,-0.07846556008838046,-0.5525963313468946,-0.09259513290604127,0.0002604166220407933,136.7815446406603,822,0.18137921392917633,-2.3812937365736904
LT_MR_Z_1440,train,6.0,1893888,-0.4048248014739557,-0.7298120346360046,-0.45917651607054566,0.0002449986641295254,128.78117698431015,2318,0.189765065908432,-3.7119243528968657
LT_MR_Z_1440,validation,6.0,631296,-0.1371206659625459,-1.060856233550433,-0.14485147360447537,0.0002604166220407933,136.7815446406603,822,0.18137921392917633,-2.3812937365736904
LT_MR_Z_1440,train,10.0,1893888,-0.5056612989776728,-1.0326857951675952,-0.5469697068927405,0.0002449986641295254,128.78117698431015,2318,0.189765065908432,-3.7119243528968657
LT_MR_Z_1440,validation,10.0,631296,-0.19204666158598227,-1.5724636192700472,-0.19877270125828395,0.0002604166220407933,136.7815446406603,822,0.18137921392917633,-2.3812937365736904
LT_OFI_0240,train,0.0,1893888,0.3081459412969447,0.5636289401478597,-0.3471797046671964,0.0011032859329134226,579.9315066933632,16411,0.2172905057668686,1.6696429319326385
LT_OFI_0240,validation,0.0,631296,0.0033785894634450475,0.09077544290056132,-0.11974250797511476,0.0011793201556429267,619.4274616241455,5783,0.2041129618883133,0.1683434147802025
LT_OFI_0240,train,2.0,1893888,-0.13868411872699837,-0.11145684388524883,-0.45326180570960406,0.0011032859329134226,579.9315066933632,16411,0.2172905057668686,1.6696429319326385
LT_OFI_0240,validation,2.0,631296,-0.13541888503302946,-0.9872320089159946,-0.19309004377487904,0.0011793201556429267,619.4274616241455,5783,0.2041129618883133,0.1683434147802025
LT_OFI_0240,train,6.0,1893888,-0.6266128230486775,-1.4581874702634916,-0.6887897647817031,0.0011032859329134226,579.9315066933632,16411,0.2172905057668686,1.6696429319326385
LT_OFI_0240,validation,6.0,631296,-0.35807843846926024,-3.136363916209022,-0.365927618876269,0.0011793201556429267,619.4274616241455,5783,0.2041129618883133,0.1683434147802025
LT_OFI_0240,train,10.0,1893888,-0.8381414738422297,-2.7968603652722615,-0.853611615532593,0.0011032859329134226,579.9315066933632,16411,0.2172905057668686,1.6696429319326385
LT_OFI_0240,validation,10.0,631296,-0.523403665347361,-5.26532168314958,-0.5265550511240282,0.0011793201556429267,619.4274616241455,5783,0.2041129618883133,0.1683434147802025
LT_OFI_0720,train,0.0,1893888,1.7683183157685924,1.4523135163760366,-0.2390574737480482,0.0003828103363048285,201.22055093944073,6388,0.23348942399024963,15.546490586664579
LT_OFI_0720,validation,0.0,631296,-0.018922068582504337,-0.052939625031724925,-0.2197784645441524,0.0004159696982242167,218.48439449071884,2276,0.21019428968429565,-0.3057818576148181
LT_OFI_0720,train,2.0,1893888,1.3946562268973004,1.2654485585580608,-0.24519634678626245,0.0003828103363048285,201.22055093944073,6388,0.23348942399024963,15.546490586664579
LT_OFI_0720,validation,2.0,631296,-0.06911898831084362,-0.39922989065087267,-0.23846383176551356,0.0004159696982242167,218.48439449071884,2276,0.21019428968429565,-0.3057818576148181
LT_OFI_0720,train,6.0,1893888,0.7918134715422087,0.8916369815712607,-0.3092828282943193,0.0003828103363048285,201.22055093944073,6388,0.23348942399024963,15.546490586664579
LT_OFI_0720,validation,6.0,631296,-0.16194259504009578,-1.0915684734952793,-0.27450415989594823,0.0004159696982242167,218.48439449071884,2276,0.21019428968429565,-0.3057818576148181
LT_OFI_0720,train,10.0,1893888,0.34071411811529173,0.5178678397854636,-0.4099335501826926,0.0003828103363048285,201.22055093944073,6388,0.23348942399024963,15.546490586664579
LT_OFI_0720,validation,10.0,631296,-0.24551423111951454,-1.7827137420903658,-0.30884056850927377,0.0004159696982242167,218.48439449071884,2276,0.21019428968429565,-0.3057818576148181
LT_VOL_ADJ_MOM_0720,train,0.0,1893888,1.188352859504778,1.3667796615941492,-0.21053203503446338,0.0003716692444868386,195.36434756219387,3502,0.20255084335803986,12.31199253390429
LT_VOL_ADJ_MOM_0720,validation,0.0,631296,0.14674319856748785,1.0386757683712071,-0.0835857686697632,0.00037842776509933174,198.76589441299438,1189,0.19945256412029266,6.270652377575735
LT_VOL_ADJ_MOM_0720,train,2.0,1893888,0.9009793957687975,1.1439771180660814,-0.22843604498201842,0.0003716692444868386,195.36434756219387,3502,0.20255084335803986,12.31199253390429
LT_VOL_ADJ_MOM_0720,validation,2.0,631296,0.0932609746650328,0.7063118506991958,-0.0876639582543699,0.00037842776509933174,198.76589441299438,1189,0.19945256412029266,6.270652377575735
LT_VOL_ADJ_MOM_0720,train,6.0,1893888,0.43446559177185384,0.6991952166045222,-0.2630371975847332,0.0003716692444868386,195.36434756219387,3502,0.20255084335803986,12.31199253390429
LT_VOL_ADJ_MOM_0720,validation,6.0,631296,-0.006342572819996617,0.04500321105364948,-0.11428130564309569,0.00037842776509933174,198.76589441299438,1189,0.19945256412029266,6.270652377575735
LT_VOL_ADJ_MOM_0720,train,10.0,1893888,0.08241301031860027,0.25568587351358424,-0.3515960404925299,0.0003716692444868386,195.36434756219387,3502,0.20255084335803986,12.31199253390429
LT_VOL_ADJ_MOM_0720,validation,10.0,631296,-0.09687851134631387,-0.6112961981279373,-0.18055529536135673,0.00037842776509933174,198.76589441299438,1189,0.19945256412029266,6.270652377575735
LT_VOLUME_CONFIRMED_MOM_0720,train,0.0,1893888,0.31461888058455667,0.6886885764326731,-0.18111466221725592,0.00015634502051398158,82.1812587082386,1473,0.11608453094959259,10.594400761616415
LT_VOLUME_CONFIRMED_MOM_0720,validation,0.0,631296,0.09419318746823246,0.9711366396006426,-0.05969274276073633,0.00017281911277677864,90.77170205488801,543,0.10316488146781921,8.872138170959852
LT_VOLUME_CONFIRMED_MOM_0720,train,2.0,1893888,0.23902751627209629,0.5587769060183647,-0.18127865260652554,0.00015634502051398158,82.1812587082386,1473,0.11608453094959259,10.594400761616415
LT_VOLUME_CONFIRMED_MOM_0720,validation,2.0,631296,0.07059763798802754,0.7525507419392284,-0.06367116755011248,0.00017281911277677864,90.77170205488801,543,0.10316488146781921,8.872138170959852
LT_VOLUME_CONFIRMED_MOM_0720,train,6.0,1893888,0.10062662173783044,0.29877900558943427,-0.1839416608019775,0.00015634502051398158,82.1812587082386,1473,0.11608453094959259,10.594400761616415
LT_VOLUME_CONFIRMED_MOM_0720,validation,6.0,631296,0.024919330101314197,0.3150375699211841,-0.08329685461092262,0.00017281911277677864,90.77170205488801,543,0.10316488146781921,8.872138170959852
LT_VOLUME_CONFIRMED_MOM_0720,train,10.0,1893888,-0.02232405897580725,0.03865672268583915,-0.23354589727683583,0.00015634502051398158,82.1812587082386,1473,0.11608453094959259,10.594400761616415
LT_VOLUME_CONFIRMED_MOM_0720,validation,10.0,631296,-0.01881351045780355,-0.12241388468399197,-0.10706849958806852,0.00017281911277677864,90.77170205488801,543,0.10316488146781921,8.872138170959852
LT_ILLIQ_MR_1440,train,0.0,1893888,0.003925497800637556,0.06435633594851167,-0.09799685703314964,1.9008518847840605e-06,0.9991641628439538,18,0.0029780010227113962,21.1359975486957
LT_ILLIQ_MR_1440,validation,0.0,631296,0.0018304092398626626,0.31649633547895883,-0.005748864148771293,1.26723443827359e-06,0.6656036723870784,4,0.00180580944288522,23.161624442000605
LT_ILLIQ_MR_1440,train,2.0,1893888,0.003202878725993674,0.05828012688916092,-0.09799685703315197,1.9008518847840605e-06,0.9991641628439538,18,0.0029780010227113962,21.1359975486957
LT_ILLIQ_MR_1440,validation,2.0,631296,0.0016701302988815225,0.2903276270098467,-0.005748864148768629,1.26723443827359e-06,0.6656036723870784,4,0.00180580944288522,23.161624442000605
LT_ILLIQ_MR_1440,train,6.0,1893888,0.0017591140414616735,0.046118118827999044,-0.0979968570331502,1.9008518847840605e-06,0.9991641628439538,18,0.0029780010227113962,21.1359975486957
LT_ILLIQ_MR_1440,validation,6.0,631296,0.0013496301131010746,0.23720410503952422,-0.005748864148769073,1.26723443827359e-06,0.6656036723870784,4,0.00180580944288522,23.161624442000605
LT_ILLIQ_MR_1440,train,10.0,1893888,0.00031731188194816795,0.0339442958697437,-0.09799685703314931,1.9008518847840605e-06,0.9991641628439538,18,0.0029780010227113962,21.1359975486957
LT_ILLIQ_MR_1440,validation,10.0,631296,0.001029206845300612,0.183123699305019,-0.005748864148770516,1.26723443827359e-06,0.6656036723870784,4,0.00180580944288522,23.161624442000605
LT_TRADE_SIZE_DIR_0240,train,0.0,1893888,0.13375516131112275,0.750496143895344,-0.08700075667133667,0.00010032273712567985,52.733664102852345,950,0.016562754288315773,6.960241946402183
LT_TRADE_SIZE_DIR_0240,validation,0.0,631296,0.07252857633390941,1.6768617346494326,-0.0325719098145455,0.00011088301835115999,58.24031878262758,350,0.019236618652939796,10.150618809581903
LT_TRADE_SIZE_DIR_0240,train,2.0,1893888,0.09148067595014853,0.5342778740140985,-0.08711038859979658,0.00010032273712567985,52.733664102852345,950,0.016562754288315773,6.960241946402183
LT_TRADE_SIZE_DIR_0240,validation,2.0,631296,0.05761739695775847,1.347618208646859,-0.03326826037015573,0.00011088301835115999,58.24031878262758,350,0.019236618652939796,10.150618809581903
LT_TRADE_SIZE_DIR_0240,train,6.0,1893888,0.011597200224262583,0.10313304330438618,-0.08732962612707429,0.00010032273712567985,52.733664102852345,950,0.016562754288315773,6.960241946402183
LT_TRADE_SIZE_DIR_0240,validation,6.0,631296,0.028412350748991733,0.6864731622081566,-0.03741088115103375,0.00011088301835115999,58.24031878262758,350,0.019236618652939796,10.150618809581903
LT_TRADE_SIZE_DIR_0240,train,10.0,1893888,-0.06244545143392677,-0.32522010494879283,-0.10577264796896313,0.00010032273712567985,52.733664102852345,950,0.016562754288315773,6.960241946402183
LT_TRADE_SIZE_DIR_0240,validation,10.0,631296,1.1532072863751353e-05,0.024872247796005612,-0.04904707109532003,0.00011088301835115999,58.24031878262758,350,0.019236618652939796,10.150618809581903
LT_FUNDING_CROWDING_MR_30D,train,0.0,1893888,1.3992490618425553,1.3648462099988485,-0.19114543909672255,0.0001108829746954143,58.284578405320644,1980,0.20774723589420319,45.88446137001495
LT_FUNDING_CROWDING_MR_30D,validation,0.0,631296,0.4088235986641322,2.030571311586412,-0.13482056092558836,0.00012038731802022085,63.23234377428889,721,0.2375190258026123,46.92893206238139
LT_FUNDING_CROWDING_MR_30D,train,2.0,1893888,1.3005681176288646,1.3057805638432307,-0.19421296909021102,0.0001108829746954143,58.284578405320644,1980,0.20774723589420319,45.88446137001495
LT_FUNDING_CROWDING_MR_30D,validation,2.0,631296,0.38757113831842127,1.9441086841919457,-0.1368945142497099,0.00012038731802022085,63.23234377428889,721,0.2375190258026123,46.92893206238139
LT_FUNDING_CROWDING_MR_30D,train,6.0,1893888,1.1152095745650592,1.187499699971497,-0.20031336676128775,0.0001108829746954143,58.284578405320644,1980,0.20774723589420319,45.88446137001495
LT_FUNDING_CROWDING_MR_30D,validation,6.0,631296,0.34602182388393077,1.771071467026866,-0.1410276624835024,0.00012038731802022085,63.23234377428889,721,0.2375190258026123,46.92893206238139
LT_FUNDING_CROWDING_MR_30D,train,10.0,1893888,0.9447782298349785,1.0690303761098188,-0.20636783642991585,0.0001108829746954143,58.284578405320644,1980,0.20774723589420319,45.88446137001495
LT_FUNDING_CROWDING_MR_30D,validation,10.0,631296,0.30571490769668563,1.597914858586154,-0.1451412098513094,0.00012038731802022085,63.23234377428889,721,0.2375190258026123,46.92893206238139
LT_PERP_SPOT_BASIS_MR_10080,train,0.0,1893888,0.7858650336085697,1.234255526196311,-0.1704412311608764,7.423884380841628e-05,39.02291252464056,1370,0.1421932578086853,44.386261677701704
LT_PERP_SPOT_BASIS_MR_10080,validation,0.0,631296,-0.015792025791707687,-0.08125164013612451,-0.08632624324890226,6.256969209061936e-05,32.86418221704662,384,0.1473483145236969,-2.292096129506017
LT_PERP_SPOT_BASIS_MR_10080,train,2.0,1893888,0.7363455687395701,1.17893044479106,-0.17050760267008702,7.423884380841628e-05,39.02291252464056,1370,0.1421932578086853,44.386261677701704
LT_PERP_SPOT_BASIS_MR_10080,validation,2.0,631296,-0.023536776508037205,-0.15207586528466277,-0.09137410006737767,6.256969209061936e-05,32.86418221704662,384,0.1473483145236969,-2.292096129506017
LT_PERP_SPOT_BASIS_MR_10080,train,6.0,1893888,0.6413849637976232,1.0681664711937948,-0.1706403337403396,7.423884380841628e-05,39.02291252464056,1370,0.1421932578086853,44.386261677701704
LT_PERP_SPOT_BASIS_MR_10080,validation,6.0,631296,-0.03884440774780851,-0.293506137740879,-0.10138661437884589,6.256969209061936e-05,32.86418221704662,384,0.1473483145236969,-2.292096129506017
LT_PERP_SPOT_BASIS_MR_10080,train,10.0,1893888,0.5516140772847444,0.9572617106705767,-0.17077304888074873,7.423884380841628e-05,39.02291252464056,1370,0.1421932578086853,44.386261677701704
LT_PERP_SPOT_BASIS_MR_10080,validation,10.0,631296,-0.05391269857764747,-0.4346231633471217,-0.11128920776884155,6.256969209061936e-05,32.86418221704662,384,0.1473483145236969,-2.292096129506017
LT_PERP_SPOT_BASIS_MR_43200,train,0.0,1893888,1.2224610108508958,1.7265382311240427,-0.11424649746454263,6.626579124713317e-05,34.83197200857103,1222,0.1477557271718979,67.31582787533915
LT_PERP_SPOT_BASIS_MR_43200,validation,0.0,631296,0.19619028592056198,1.3811401242853922,-0.07178987861031538,5.702553971786983e-05,29.95216627791524,356,0.1758573055267334,52.45024418418627
LT_PERP_SPOT_BASIS_MR_43200,train,2.0,1893888,1.167370198936835,1.6757375149525868,-0.11534412763005464,6.626579124713317e-05,34.83197200857103,1222,0.1477557271718979,67.31582787533915
LT_PERP_SPOT_BASIS_MR_43200,validation,2.0,631296,0.18763217973142488,1.328979379190336,-0.07238374057572994,5.702553971786983e-05,29.95216627791524,356,0.1758573055267334,52.45024418418627
LT_PERP_SPOT_BASIS_MR_43200,train,6.0,1893888,1.061248262997076,1.574002776433674,-0.1175353789729493,6.626579124713317e-05,34.83197200857103,1222,0.1477557271718979,67.31582787533915
LT_PERP_SPOT_BASIS_MR_43200,validation,6.0,631296,0.17069869978665508,1.2245306399470042,-0.07357036048001309,5.702553971786983e-05,29.95216627791524,356,0.1758573055267334,52.45024418418627
LT_PERP_SPOT_BASIS_MR_43200,train,10.0,1893888,0.9603182798383629,1.4720992467037999,-0.1197212956548952,6.626579124713317e-05,34.83197200857103,1222,0.1477557271718979,67.31582787533915
LT_PERP_SPOT_BASIS_MR_43200,validation,10.0,631296,0.15400598280125366,1.1199241738035675,-0.0747555098201238,5.702553971786983e-05,29.95216627791524,356,0.1758573055267334,52.45024418418627
LT_BTC_ETH_RATIO_MR_7D,train,0.0,1893888,-0.33838025204697675,-0.31885233546265673,-0.5276337817174106,0.00012656504986807704,66.52768277004361,2316,0.28961947560310364,-11.709694833411765
LT_BTC_ETH_RATIO_MR_7D,validation,0.0,631296,0.04717816075351289,0.34481485218628,-0.1648838755441696,0.00012814905494451523,67.30917098745704,778,0.3054421544075012,8.637550599320855
LT_BTC_ETH_RATIO_MR_7D,train,2.0,1893888,-0.36935008088726085,-0.3732741910097008,-0.541450386315851,0.00012656504986807704,66.52768277004361,2316,0.28961947560310364,-11.709694833411765
LT_BTC_ETH_RATIO_MR_7D,validation,2.0,631296,0.030391633643214178,0.26510270717286827,-0.1746144098684016,0.00012814905494451523,67.30917098745704,778,0.3054421544075012,8.637550599320855
LT_BTC_ETH_RATIO_MR_7D,train,6.0,1893888,-0.42701034593821363,-0.48207642438969756,-0.5679996956207495,0.00012656504986807704,66.52768277004361,2316,0.28961947560310364,-11.709694833411765
LT_BTC_ETH_RATIO_MR_7D,validation,6.0,631296,-0.0023794991208330174,0.10561992306882503,-0.19373726724282558,0.00012814905494451523,67.30917098745704,778,0.3054421544075012,8.637550599320855
LT_BTC_ETH_RATIO_MR_7D,train,10.0,1893888,-0.4794008699587783,-0.5908169840524602,-0.5930128773706627,0.00012656504986807704,66.52768277004361,2316,0.28961947560310364,-11.709694833411765
LT_BTC_ETH_RATIO_MR_7D,validation,10.0,631296,-0.03410970575726946,-0.05391957958756376,-0.2124178601384017,0.00012814905494451523,67.30917098745704,778,0.3054421544075012,8.637550599320855
LT_BTC_ETH_RATIO_MOM_1D,train,0.0,1893888,0.20501947924288744,0.3480785205777827,-0.37912161874016537,0.00023681444872636348,124.4792091473937,2242,0.23241828382015228,6.955816713806582
LT_BTC_ETH_RATIO_MOM_1D,validation,0.0,631296,-0.06860062381164733,-0.30330278901043156,-0.19078929412202073,0.0002334879682166502,122.63747110962868,735,0.22728101909160614,-3.552281045007178
LT_BTC_ETH_RATIO_MOM_1D,train,2.0,1893888,0.10163434041386643,0.24798862680647496,-0.3804049645015952,0.00023681444872636348,124.4792091473937,2242,0.23241828382015228,6.955816713806582
LT_BTC_ETH_RATIO_MOM_1D,validation,2.0,631296,-0.09560351344029283,-0.4737526749281947,-0.1991294798690575,0.0002334879682166502,122.63747110962868,735,0.22728101909160614,-3.552281045007178
LT_BTC_ETH_RATIO_MOM_1D,train,6.0,1893888,-0.07929694389671493,0.0478240262448588,-0.3842096781552016,0.00023681444872636348,124.4792091473937,2242,0.23241828382015228,6.955816713806582
LT_BTC_ETH_RATIO_MOM_1D,validation,6.0,631296,-0.1472864267374967,-0.8145935192842563,-0.21555383650822313,0.0002334879682166502,122.63747110962868,735,0.22728101909160614,-3.552281045007178
LT_BTC_ETH_RATIO_MOM_1D,train,10.0,1893888,-0.230523311000834,-0.1522896412914389,-0.39635489876538876,0.00023681444872636348,124.4792091473937,2242,0.23241828382015228,6.955816713806582
LT_BTC_ETH_RATIO_MOM_1D,validation,10.0,631296,-0.19601964967386498,-1.155176211115606,-0.23685691322801072,0.0002334879682166502,122.63747110962868,735,0.22728101909160614,-3.552281045007178
